profile_id,name,registration_date,aeo_status,org_type
1,A/Profits By Trade,2017-07-28,0,Importer
2,A2B Exporters,2014-05-26,0,Customs Broker
3,Ace Broker Exchange,2006-02-15,0,Carrier
4,Agree Merchant,2006-05-03,0,Carrier
5,Alpan Master Traders,2006-01-06,0,Importer
6,Bruise Trading,2004-04-02,0,Importer
7,Catch Border Lines,2012-07-24,0,Importer
8,Central Link Freight,2009-02-06,0,Importer
9,Cfk Broker,2009-06-19,0,Carrier
10,Chimney Dash,2019-07-16,0,Customs Broker
11,Chinatown Traders,2008-04-14,0,Importer
12,Cmrt Traders,2014-11-18,0,Customs Broker
13,Coinedeck,2011-01-03,0,Importer
14,Traders Broker Link,2004-11-19,0,Importer
15,Djr Traders,2007-11-13,0,Importer
16,Dlc Traders Products,2021-12-22,0,Customs Broker
17,Easthut Trade,2004-03-08,1,Carrier
18,Euro Traders,2003-02-24,0,Importer
19,Expera Export,2010-08-26,0,Carrier
20,Exporse Trade,2016-02-19,0,Carrier
21,Fast & Free Shippers,2018-12-24,0,Importer
22,Fast Citi Shipping,2016-02-15,0,Customs Broker
23,Fast Moving Forward,2019-04-09,0,Customs Broker
24,Fast Track Traders,2013-07-29,1,Carrier
25,Foamy International,2012-07-16,0,Carrier
26,Free Traders Broker,2006-02-15,0,Importer
27,FTC Traders,2009-10-13,0,Carrier
28,Ftsc Traders Brokers,2005-07-27,0,Carrier
29,Global Import Centre,2006-08-14,0,Carrier
30,Goodsmobile Slovakia,2014-09-10,0,Carrier
31,GTA Traders Brokers,2012-09-12,0,Customs Broker
32,Haitian Office,2004-11-01,0,Importer
33,Hands On Traders,2020-06-10,0,Customs Broker
34,Highway Traders,2011-07-18,0,Importer
35,I-M Jtc,2016-10-13,0,Customs Broker
36,Import Traduction,2017-12-11,0,Customs Broker
37,Imports Brokers,2005-08-29,0,Carrier
38,Imports Navigants,2018-07-18,0,Customs Broker
39,Intxa Agencies,2014-05-12,0,Importer
40,ITCM International,2006-06-13,0,Carrier
41,Joint Import,2004-06-10,0,Importer
42,Jw Traders The,2009-01-27,1,Importer
43,K&F Traders,2009-03-11,0,Customs Broker
44,Kelletts Export,2021-07-19,1,Carrier
45,Ki Global Import,2019-06-20,0,Carrier
46,Korea Port Forward,2020-10-02,0,Importer
47,Korean Traders,2011-03-18,0,Customs Broker
48,Kunst Erreichen,2021-07-26,1,Customs Broker
49,Leo Steffay,2013-08-02,0,Carrier
50,Lloyd Edwick,2004-05-31,0,Importer
51,Lover Crafts,2013-10-28,0,Customs Broker
52,LTD Traders,2017-07-25,0,Carrier
53,Maint World Traders,2009-11-24,0,Carrier
54,Marcel Kors,2017-01-25,0,Importer
55,Meaningful Border,2015-03-16,0,Customs Broker
56,My Duty Contracting,2022-12-19,0,Carrier
57,My Exporters Agent,2009-07-03,1,Importer
58,My Fast Trader,2019-05-27,0,Customs Broker
59,My Litt Export,2022-10-18,0,Carrier
60,Navy Seaways,2021-11-08,0,Carrier
61,Ntt Traders,2005-06-22,0,Customs Broker
62,Open Border Trader,2003-12-17,0,Importer
63,Overnight Track,2017-07-05,0,Carrier
64,Presti Import Lines,2006-10-02,0,Customs Broker
65,SafewareTrade,2008-06-16,0,Carrier
66,Seasun Traders,2011-04-26,0,Customs Broker
67,Ship Me Over,2008-09-01,0,Carrier
68,Ship Port Hub,2021-04-05,1,Customs Broker
69,Smooth Fix Trader,2021-08-27,0,Carrier
70,Stitch It Traders,2013-12-25,0,Importer
71,Tariff Specialists,2015-10-16,0,Customs Broker
72,Td Trade Solutions,2013-02-22,0,Carrier
73,The BSA Specialist,2021-03-10,0,Carrier
74,The Cargo Market,2003-07-08,0,Customs Broker
75,The Traders Service,2016-09-26,0,Customs Broker
76,The Export Broker,2015-08-31,0,Carrier
77,The Export Trader,2019-12-04,0,Importer
78,The Freight Factory,2013-03-01,0,Importer
79,The Freight Trader,2005-08-02,0,Carrier
80,The Freight Traders,2013-07-26,0,Importer
81,The Import Coach,2005-09-16,0,Customs Broker
82,The Import Forward,2008-06-23,0,Importer
83,The Import Trader,2005-12-19,0,Customs Broker
84,The Shipping Trader,2017-03-31,0,Carrier
85,Tin Tin Traders,2010-02-22,0,Carrier
86,Trade Trader Hub,2010-04-05,0,Customs Broker
87,Trademark Traders,2019-03-04,0,Carrier
88,Tradership Hub,2008-09-23,0,Carrier
89,Trades By J,2004-12-20,0,Carrier
90,Trading Traders,2019-07-08,0,Importer
91,Transf International,2006-10-05,0,Carrier
92,Treats Exports,2006-05-25,0,Carrier
93,Trimit Import,2003-11-28,0,Importer
94,Trimply Trade,2013-03-19,0,Carrier
95,TSA Traders,2007-08-07,0,Importer
96,Wirma Border Traders,2011-06-07,0,Customs Broker
97,World Freight,2007-11-15,0,Carrier
98,World Tax Mercants,2008-01-29,1,Importer
99,Wxch Traders,2007-08-20,0,Customs Broker
100,Zoho T J,2018-02-22,0,Carrier
