txpyr_id,txpyr_name,type,segment,registration_date,location,location_code
3631325814, NexaCo,Sole Proprietorship,Consumer Goods and Retail,08/06/2000,Φωκίδα,N0850
4839332485, LuminaX,Limited Liability Company (LLC),Automotive,11/07/1993,Κεφαλλονία,N0630
6981756676, VividNet,Limited Liability Company (LLC),Technology and Innovation,22/03/1992,Καστοριά,N0320
4997713523, OptiWave,Sole Proprietorship,Tourism and Hospitality,06/08/2006,Ιωάννινα,N0430
9591475563, ZenCore,Limited Liability Company (LLC),Consumer Goods and Retail,10/02/1995,Πιερία,N0250
1158429050, Fluxion,Sole Proprietorship,Automotive,29/11/1998,Χαλκιδική,N0270
9162886236, TriNova,Sole Proprietorship,Consumer Goods and Retail,15/02/2003,Έβρος,N0120
7751355833, AlphaEra,Private Limited Company (Ltd),Tourism and Hospitality,14/07/2004,Αρκαδία,N1020
2174249386, PureVibe,Sole Proprietorship,Energy,17/11/1990,Ανατολική Αττική,N0930
4561308304, EcoLuxe,Limited Partnership (LP),Energy,14/11/2000,Καρδίτσα,N0510
9352898330, GlobaSync,Private Limited Company (Ltd),Consumer Goods and Retail,11/08/2000,Καρδίτσα,N0510
4846671032, Maxeon,Sole Proprietorship,Agriculture and Food Production,18/10/2015,Κεφαλλονία,N0630
5246766035, XenoEdge,Sole Proprietorship,Tourism and Hospitality,22/10/2012,Ροδόπη,N0150
8419373810, HelioGen,Sole Proprietorship,Agriculture and Food Production,13/04/1999,Χίος,N1130
5961397803, Vortexia,Sole Proprietorship,Tourism and Hospitality,10/03/2015,Άρτα,N0410
7442337379, NovaLink,Sole Proprietorship,Agriculture and Food Production,19/06/2001,Λευκάδα,N0640
2006857412, QubeNet,General Partnership,Agriculture and Food Production,10/09/2007,Λάρισα,N0520
6201251350, UltraZen,Sole Proprietorship,Consumer Goods and Retail,26/04/2008,Κεφαλλονία,N0630
7091047208, Brightis,Private Limited Company (Ltd),Technology and Innovation,18/02/2001,Ξάνθη,N0140
5354714899, AeroFlux,Sole Proprietorship,Agriculture and Food Production,19/07/2010,Πρέβεζα,N0440
1737739372, OmniGlow,Sole Proprietorship,Tourism and Hospitality,08/04/2005,Λέσβος,N1110
1862449294, SkyVibe,Sole Proprietorship,Healthcare,25/03/2010,Δωδεκάνησα,N1220
6785441158, QuantiX,Sole Proprietorship,Logistics and Transportation,14/11/2001,Κόρινθος,N1030
8747494459, FuturaX,Private Limited Company (Ltd),Logistics and Transportation,05/04/2003,Ιωάννινα,N0430
3648613040, VeloGen,Sole Proprietorship,Agriculture and Food Production,23/05/2005,Θεσσαλονίκη,N0220
1488188447, RadiantZ,Sole Proprietorship,Technology and Innovation,02/05/2012,Φωκίδα,N0850
5728307230, MetaWave,Sole Proprietorship,Tourism and Hospitality,11/07/2008,Ρέθυμνο,N1330
2673094904, HyperZen,Sole Proprietorship,Tourism and Hospitality,15/04/2013,Σέρρες,N0260
1375506074, Kinetix,Sole Proprietorship,Tourism and Hospitality,03/12/2002,Ευρυτανία,N0830
5892780820, AstroGen,Sole Proprietorship,Consumer Goods and Retail,03/05/1997,Δράμα,N0110
3904365159, MegaWave,Private Limited Company (Ltd),Financial Services,09/11/1999,Φθιώτιδα,N0840
2257542590, OptimaQ,Sole Proprietorship,Agriculture and Food Production,24/04/1994,Θεσπρωτία,N0420
5796749533, XyloGen,Sole Proprietorship,Energy,09/03/2006,Χίος,N1130
3564477983, LumeNet,Sole Proprietorship,Agriculture and Food Production,05/05/2001,Μαγνησία,N0530
7877640203, AeroNex,Sole Proprietorship,Automotive,04/06/1993,Πέλλα,N0240
8196721591, Vividus,Sole Proprietorship,Agriculture and Food Production,04/04/1997,Ημαθία,N0210
5148001406, QuantaX,Sole Proprietorship,Consumer Goods and Retail,25/09/1990,Ροδόπη,N0150
6412717670, OmniNex,Sole Proprietorship,Energy,01/10/1994,Κόρινθος,N1030
4807312170, PureZen,Sole Proprietorship,Consumer Goods and Retail,12/09/2004,Ιωάννινα,N0430
1437250343, SkyLinez,Limited Liability Company (LLC),Tourism and Hospitality,21/02/2000,Μεσσηνία,N1050
1102143294, QuantumZ,Sole Proprietorship,Logistics and Transportation,01/10/2009,Ηράκλειο,N1310
1087359393, GlobaX,Sole Proprietorship,Automotive,04/11/1995,Αιτωλοακαρνανία,N0710
1609024961, MaxeonX,Public Limited Company (PLC),Energy,16/01/1995,Αιτωλοακαρνανία,N0710
1465674966, UltraNet,Private Limited Company (Ltd),Consumer Goods and Retail,20/02/2001,Κοζάνη,N0330
8252221406, Vortexis,Sole Proprietorship,Technology and Innovation,21/03/2011,Φθιώτιδα,N0840
5462237500, NexaWave,Sole Proprietorship,Technology and Innovation,23/09/1995,Αθήνα,N0910
9290157658, LumeCore,Sole Proprietorship,Agriculture and Food Production,13/04/2006,Μαγνησία,N0530
5953020128, ZenWave,General Partnership,Consumer Goods and Retail,04/01/1999,Ευρυτανία,N0830
1868538215, FluxGen,Limited Liability Company (LLC),Healthcare,01/11/1991,Πρέβεζα,N0440
7049065477, TriLuxe,Sole Proprietorship,Tourism and Hospitality,01/12/1992,Θεσπρωτία,N0420
5221555206, AeroZen,Sole Proprietorship,Manufacturing,09/01/2004,Κόρινθος,N1030
7466304794, VibeTech,Sole Proprietorship,Technology and Innovation,11/02/1993,Άρτα,N0410
7379755317, PureLux,Sole Proprietorship,Healthcare,09/06/2007,Κιλκίς,N0230
9572942552, VeloSync,Limited Partnership (LP),Tourism and Hospitality,15/05/1992,Λάρισα,N0520
4664007734, Nexara,Sole Proprietorship,Consumer Goods and Retail,28/02/2007,Αργολίδα,N1010
8795208037, OptiLux,Private Limited Company (Ltd),Financial Services,12/03/2003,Ρέθυμνο,N1330
1934321731, LumeWave,Sole Proprietorship,Technology and Innovation,25/02/2005,Κυκλάδες,N1210
7972675760, NovaZen,Limited Liability Company (LLC),Healthcare,17/04/1990,Φλώρινα,N0340
6933928851, FluxSync,Private Limited Company (Ltd),Financial Services,16/03/2015,Ζάκυνθος,N0610
4905191198, HexaGen,Private Limited Company (Ltd),Energy,22/05/1991,Καρδίτσα,N0510
5279710168, VividLux,Limited Liability Company (LLC),Automotive,20/06/2006,Κιλκίς,N0230
6854029210, GlobaZen,Sole Proprietorship,Agriculture and Food Production,07/12/2010,Αργολίδα,N1010
8657164971, MaxeonZ,Sole Proprietorship,Consumer Goods and Retail,15/02/2007,Ηράκλειο,N1310
6967842758, OmniWave,General Partnership,Healthcare,04/12/2013,Ζάκυνθος,N0610
5963233333, SkySync,Private Limited Company (Ltd),Tourism and Hospitality,12/12/2003,Λάρισα,N0520
3843825644, RadiantX,Sole Proprietorship,Agriculture and Food Production,14/04/1996,Ζάκυνθος,N0610
5932607126, HyperGen,Private Limited Company (Ltd),Agriculture and Food Production,21/08/2004,Λακωνία,N1040
1906096174, QuantaZ,Sole Proprietorship,Agriculture and Food Production,11/02/2007,Αθήνα,N0910
1204905808, ZenNex,Sole Proprietorship,Consumer Goods and Retail,01/06/1990,Χαλκιδική,N0270
8131440788, AeroLink,Sole Proprietorship,Logistics and Transportation,06/07/2009,Έβρος,N0120
9244014030, VortexX,Private Limited Company (Ltd),Automotive,09/03/1997,Χανιά,N1340
2234610356, NexiTech,Private Limited Company (Ltd),Logistics and Transportation,10/10/1993,Πιερία,N0250
2681438250, LumeSync,Limited Partnership (LP),Healthcare,18/01/1990,Κέρκυρα,N0620
2877601485, OptimaX,Sole Proprietorship,Logistics and Transportation,25/03/2010,Λέσβος,N1110
4456917425, VeloWave,Sole Proprietorship,Healthcare,05/08/2009,Λασίθιο,N1320
9405142220, QuantumX,Sole Proprietorship,Agriculture and Food Production,01/06/2007,Τρίκαλα,N0540
6779571159, TriNex,Sole Proprietorship,Tourism and Hospitality,18/06/2005,Λασίθιο,N1320
1050420442, FluxWave,Limited Liability Company (LLC),Tourism and Hospitality,15/10/1990,Πειραιάς και νήσοι,N0920
2210930032, PureSync,Private Limited Company (Ltd),Tourism and Hospitality,09/03/1992,Λακωνία,N1040
4607597465, MetaGen,Sole Proprietorship,Agriculture and Food Production,10/08/1998,Εύβοια,N0820
9113914333, UltraLux,Sole Proprietorship,Agriculture and Food Production,08/12/2009,Ιωάννινα,N0430
7919176680, VividZen,Private Limited Company (Ltd),Technology and Innovation,17/11/1998,Αχαΐα,N0720
1718959097, SkyLux,Sole Proprietorship,Agriculture and Food Production,24/08/2010,Καβάλα,N0130
2620711188, RadiantQ,Sole Proprietorship,Tourism and Hospitality,10/06/2015,Δυτική Αττική,N0940
6359949725, HyperX,Private Limited Company (Ltd),Financial Services,03/12/1994,Ηράκλειο,N1310
3303435297, QuantaGen,Private Limited Company (Ltd),Tourism and Hospitality,16/08/2007,Φθιώτιδα,N0840
3977476222, ZenSync,Sole Proprietorship,Agriculture and Food Production,08/05/2014,Καβάλα,N0130
4570075413, AeroWave,Limited Liability Company (LLC),Financial Services,12/06/1997,Φλώρινα,N0340
9655374422, VortexLux,Sole Proprietorship,Automotive,10/08/1992,Πέλλα,N0240
6294987222, NexaLite,Sole Proprietorship,Manufacturing,09/02/2003,Αργολίδα,N1010
8089463638, OptiSync,Sole Proprietorship,Healthcare,03/03/2011,Λακωνία,N1040
7644290102, LumeLux,Sole Proprietorship,Logistics and Transportation,22/06/2013,Θεσπρωτία,N0420
6251831440, NovaSync,Limited Liability Company (LLC),Manufacturing,06/01/1995,Καρδίτσα,N0510
6623645580, FluxTech,Sole Proprietorship,Energy,03/12/1997,Ξάνθη,N0140
4844937858, HexaWave,Sole Proprietorship,Tourism and Hospitality,08/02/2012,Δυτική Αττική,N0940
9657837798, VividGen,Private Limited Company (Ltd),Automotive,18/12/2011,Καστοριά,N0320
7710929923, GlobaLite,Sole Proprietorship,Healthcare,28/02/1993,Άρτα,N0410
6328678980, MaxeonQ,Sole Proprietorship,Consumer Goods and Retail,19/09/1996,Δωδεκάνησα,N1220
3238974983, OmniLux,Sole Proprietorship,Financial Services,05/10/2006,Φθιώτιδα,N0840
1335706514, SkyWave,Sole Proprietorship,Logistics and Transportation,27/08/2014,Ηλεία,N0730
4411508876, RadiantY,Sole Proprietorship,Energy,16/09/2013,Καστοριά,N0320
1601512671, HyperWave,Sole Proprietorship,Consumer Goods and Retail,09/09/1997,Αργολίδα,N1010
2910762580, QuantaSync,General Partnership,Agriculture and Food Production,02/02/2007,Ηράκλειο,N1310
8856430261, ZenLux,Private Limited Company (Ltd),Tourism and Hospitality,06/10/1997,Λάρισα,N0520
3246160651, AeroTech,Sole Proprietorship,Agriculture and Food Production,29/06/2010,Αργολίδα,N1010
7712104086, VortexSync,Sole Proprietorship,Agriculture and Food Production,30/06/2012,Πέλλα,N0240
6454754780, NexiGen,Limited Liability Company (LLC),Financial Services,13/11/2011,Χίος,N1130
2081094397, LumeZen,Private Limited Company (Ltd),Manufacturing,09/10/2015,Φωκίδα,N0850
3773598330, OptiTech,Sole Proprietorship,Agriculture and Food Production,19/05/2014,Λασίθιο,N1320
9873342080, VeloLux,Sole Proprietorship,Agriculture and Food Production,27/08/1990,Ημαθία,N0210
7946248025, QuantumSync,Sole Proprietorship,Energy,11/07/2015,Φωκίδα,N0850
7385597500, TriLux,Sole Proprietorship,Healthcare,03/12/1994,Άρτα,N0410
4785277087, FluxLux,Sole Proprietorship,Tourism and Hospitality,19/08/2005,Ημαθία,N0210
7532422570, PureZenX,Private Limited Company (Ltd),Logistics and Transportation,12/02/2007,Ευρυτανία,N0830
4720829970, MetaSync,Private Limited Company (Ltd),Energy,14/10/2013,Βοιωτία,N0810
5830762320, UltraGen,Limited Liability Company (LLC),Logistics and Transportation,25/05/2007,Αργολίδα,N1010
7492143622, VividWave,Private Limited Company (Ltd),Financial Services,20/08/2007,Θεσπρωτία,N0420
7957783282, OmniSync,Sole Proprietorship,Tourism and Hospitality,18/03/2011,Έβρος,N0120
5319481439, SkyZen,Sole Proprietorship,Logistics and Transportation,16/02/2007,Λευκάδα,N0640
5442690470, RadiantV,Sole Proprietorship,Automotive,21/10/2011,Τρίκαλα,N0540
4817433481, HyperLux,General Partnership,Financial Services,29/10/1994,Μαγνησία,N0530
3922235136, QuantaWave,Sole Proprietorship,Logistics and Transportation,04/06/1992,Φλώρινα,N0340
5765720475, ZenWaveX,Public Limited Company (PLC),Logistics and Transportation,11/03/1992,Αχαΐα,N0720
4174455539, AeroLuxX,Limited Liability Company (LLC),Agriculture and Food Production,06/09/1991,Δωδεκάνησα,N1220
6959395583, VortexGen,Private Limited Company (Ltd),Logistics and Transportation,17/05/2011,Κιλκίς,N0230
3298087884, NexaraX,Sole Proprietorship,Consumer Goods and Retail,05/12/1990,Ροδόπη,N0150
2728659774, OptiZen,Private Limited Company (Ltd),Consumer Goods and Retail,12/01/1994,Τρίκαλα,N0540
1810634394, LumeTech,Public Limited Company (PLC),Automotive,25/09/2009,Κοζάνη,N0330
2612579710, NovaLux,Private Limited Company (Ltd),Logistics and Transportation,20/11/2010,Καρδίτσα,N0510
3752969322, FluxZen,Limited Liability Company (LLC),Technology and Innovation,13/11/2009,Μεσσηνία,N1050
1351821511, HexaSync,Sole Proprietorship,Logistics and Transportation,03/04/1997,Πιερία,N0250
7670415549, VividSync,Private Limited Company (Ltd),Technology and Innovation,15/12/2009,Κεφαλλονία,N0630
4424613580, GlobaTech,Limited Partnership (LP),Financial Services,10/06/2010,Άρτα,N0410
7621927979, MaxeonY,Sole Proprietorship,Technology and Innovation,12/03/2010,Λακωνία,N1040
9527466656, OmniTech,Sole Proprietorship,Manufacturing,14/10/2004,Ροδόπη,N0150
5149171142, SkyTech,Sole Proprietorship,Agriculture and Food Production,20/09/1996,Φλώρινα,N0340
3106509415, RadiantW,Sole Proprietorship,Manufacturing,13/06/2004,Γρεβενά,N0310
5511368701, HyperSync,Sole Proprietorship,Manufacturing,14/07/2008,Λασίθιο,N1320
7652587106, QuantaLux,General Partnership,Healthcare,25/11/2000,Κυκλάδες,N1210
1857577737, ZenLuxX,Limited Liability Company (LLC),Financial Services,12/07/2005,Κεφαλλονία,N0630
1780855274, AeroSync,Private Limited Company (Ltd),Financial Services,28/01/1991,Καβάλα,N0130
2753544847, VortexTech,Limited Liability Company (LLC),Technology and Innovation,17/06/2002,Θεσπρωτία,N0420
5261962196, NexiWave,Private Limited Company (Ltd),Energy,04/02/1991,Μαγνησία,N0530
4800218220, LumeLite,Sole Proprietorship,Logistics and Transportation,19/07/2007,Αθήνα,N0910
6111683034, OptiWaveX,General Partnership,Automotive,31/08/2000,Φωκίδα,N0850
8293664779, VeloTech,Sole Proprietorship,Manufacturing,10/08/1994,Βοιωτία,N0810
9179873185, QuantumLux,Sole Proprietorship,Consumer Goods and Retail,06/01/1996,Ευρυτανία,N0830
5143029403, TriWave,Private Limited Company (Ltd),Manufacturing,29/11/1990,Ανατολική Αττική,N0930
9477371228, FluxSyncX,Limited Liability Company (LLC),Agriculture and Food Production,24/11/1990,Φωκίδα,N0850
4233608040, PureWaveX,Sole Proprietorship,Agriculture and Food Production,20/08/2009,Αιτωλοακαρνανία,N0710
5277194372, MetaLux,Sole Proprietorship,Healthcare,17/03/1990,Φθιώτιδα,N0840
3554167924, UltraSync,Sole Proprietorship,Healthcare,09/12/2001,Κοζάνη,N0330
6299131946, VividTech,Limited Liability Company (LLC),Logistics and Transportation,18/06/1993,Χανιά,N1340
4501359742, OmniWaveX,Sole Proprietorship,Logistics and Transportation,01/06/2001,Φωκίδα,N0850
5950950643, SkyWaveX,Sole Proprietorship,Technology and Innovation,07/09/1995,Μεσσηνία,N1050
8706984517, HyperLuxX,Private Limited Company (Ltd),Logistics and Transportation,04/12/2007,Ροδόπη,N0150
3224364660, QuantaTech,Sole Proprietorship,Automotive,21/02/2011,Λάρισα,N0520
7905520242, ZenLuxY,Private Limited Company (Ltd),Technology and Innovation,18/11/1990,Πειραιάς και νήσοι,N0920
1849121586, AeroWaveY,Sole Proprietorship,Tourism and Hospitality,11/11/2007,Λέσβος,N1110
2519848440, VortexLite,Private Limited Company (Ltd),Financial Services,20/12/2002,Βοιωτία,N0810
6454355185, NexaraZ,Sole Proprietorship,Tourism and Hospitality,20/07/2008,Έβρος,N0120
2005194278, OptiLite,Private Limited Company (Ltd),Technology and Innovation,14/11/1991,Χαλκιδική,N0270
2455605070, LumeWaveX,Sole Proprietorship,Logistics and Transportation,07/08/2001,Ευρυτανία,N0830
1479450289, NovaLite,Private Limited Company (Ltd),Automotive,25/05/1999,Πιερία,N0250
9007734026, FluxLuxX,Sole Proprietorship,Manufacturing,03/07/1990,Μαγνησία,N0530
9441028233, HexaTech,Sole Proprietorship,Consumer Goods and Retail,05/03/2002,Κεφαλλονία,N0630
3084966811, VividLite,Limited Partnership (LP),Tourism and Hospitality,26/11/2013,Κέρκυρα,N0620
5852696930, GlobaWave,Sole Proprietorship,Financial Services,29/08/2008,Αρκαδία,N1020
4231933624, OmniLite,Sole Proprietorship,Agriculture and Food Production,14/04/1992,Χίος,N1130
7883560264, SkyLite,Private Limited Company (Ltd),Tourism and Hospitality,23/01/2004,Λάρισα,N0520
6989845409, RadiantSync,Limited Partnership (LP),Consumer Goods and Retail,28/12/1995,Λάρισα,N0520
2543782976, HyperWaveY,Sole Proprietorship,Consumer Goods and Retail,22/08/1993,Ζάκυνθος,N0610
4358135995, QuantaWaveX,Sole Proprietorship,Tourism and Hospitality,09/09/2012,Αργολίδα,N1010
9171615373, ZenWaveY,Sole Proprietorship,Technology and Innovation,14/03/2008,Καστοριά,N0320
6827096990, AeroLite,Sole Proprietorship,Healthcare,11/03/2007,Θεσπρωτία,N0420
1157870461, VortexTechX,Sole Proprietorship,Agriculture and Food Production,04/04/2013,Αιτωλοακαρνανία,N0710
8100705273, NexiLite,Limited Liability Company (LLC),Logistics and Transportation,23/11/2012,Δωδεκάνησα,N1220
9776519040, LumeLiteX,Sole Proprietorship,Tourism and Hospitality,14/04/2000,Δυτική Αττική,N0940
6899402643, OptiLuxX,Private Limited Company (Ltd),Financial Services,09/09/2001,Σέρρες,N0260
3875088941, VeloWaveX,Sole Proprietorship,Consumer Goods and Retail,05/07/2001,Ροδόπη,N0150
5187299081, QuantumLite,Sole Proprietorship,Technology and Innovation,26/12/1992,Ρέθυμνο,N1330
2034502640, TriWaveX,General Partnership,Logistics and Transportation,24/07/1990,Θεσπρωτία,N0420
9847119581, FluxLite,Private Limited Company (Ltd),Energy,30/07/2002,Κοζάνη,N0330
7422224636, PureWaveY,General Partnership,Financial Services,21/05/1999,Πρέβεζα,N0440
9748888900, UltraLite,Sole Proprietorship,Agriculture and Food Production,06/08/1991,Τρίκαλα,N0540
9243408027, VividWaveX,Private Limited Company (Ltd),Technology and Innovation,18/11/2009,Σέρρες,N0260
3756876779, OmniLiteX,Sole Proprietorship,Healthcare,18/11/1990,Θεσσαλονίκη,N0220
5636439168, SkyWaveY,Sole Proprietorship,Energy,20/05/2010,Γρεβενά,N0310
5853700076, RadiantWave,Sole Proprietorship,Consumer Goods and Retail,18/11/1998,Λευκάδα,N0640
2085947606, HyperLite,Sole Proprietorship,Agriculture and Food Production,06/01/2003,Χίος,N1130
9096874034, QuantaLite,Private Limited Company (Ltd),Manufacturing,23/12/2014,Πιερία,N0250
7324289674, ZenLite,Private Limited Company (Ltd),Manufacturing,18/03/2001,Πειραιάς και νήσοι,N0920
5952044411, AeroWaveZ,Private Limited Company (Ltd),Consumer Goods and Retail,17/09/2015,Δυτική Αττική,N0940
2763475763, VortexWave,Private Limited Company (Ltd),Agriculture and Food Production,01/09/2006,Λακωνία,N1040
7919736938, NexaraLite,Sole Proprietorship,Financial Services,13/12/2012,Πιερία,N0250
4474298720, OptiWaveY,Sole Proprietorship,Financial Services,23/03/2008,Κιλκίς,N0230
2573813936, LumeLiteY,Sole Proprietorship,Tourism and Hospitality,02/03/2005,Πειραιάς και νήσοι,N0920
1421885630, NovaWaveX,Sole Proprietorship,Technology and Innovation,04/12/2012,Σέρρες,N0260
3023747400, FluxLiteX,Private Limited Company (Ltd),Healthcare,17/09/1992,Δωδεκάνησα,N1220
5871359100, HexaWaveX,Sole Proprietorship,Tourism and Hospitality,16/11/2014,Θεσσαλονίκη,N0220
4139898478, VividWaveY,Public Limited Company (PLC),Tourism and Hospitality,10/06/2011,Κεφαλλονία,N0630
9294563470, GlobaLiteX,Sole Proprietorship,Consumer Goods and Retail,26/01/1995,Δυτική Αττική,N0940
6885982819, MaxeonWave,General Partnership,Technology and Innovation,15/07/1990,Ευρυτανία,N0830
2088653079, OmniWaveY,General Partnership,Energy,28/01/2003,Θεσπρωτία,N0420
3122199309, SkyWaveZ,Sole Proprietorship,Consumer Goods and Retail,09/06/2012,Πιερία,N0250
9249940245, RadiantWaveX,Sole Proprietorship,Consumer Goods and Retail,19/10/1991,Θεσσαλονίκη,N0220
9683332399, HyperWaveZ,Private Limited Company (Ltd),Healthcare,07/10/1994,Ξάνθη,N0140
1173583648, QuantaWaveY,Limited Liability Company (LLC),Tourism and Hospitality,19/05/2012,Ηλεία,N0730
8084340580, ZenWaveZ,Sole Proprietorship,Agriculture and Food Production,07/09/2004,Ηλεία,N0730
5000723380, AeroWaveLite,Limited Liability Company (LLC),Technology and Innovation,05/03/1990,Κέρκυρα,N0620
5511422359, VortexWaveX,Private Limited Company (Ltd),Tourism and Hospitality,25/12/2015,Χαλκιδική,N0270
6915903205, NexiWaveX,Sole Proprietorship,Tourism and Hospitality,15/06/1992,Έβρος,N0120
7578248743, LumeWaveY,Sole Proprietorship,Automotive,22/02/1999,Φθιώτιδα,N0840
7782441080, OptiWaveZ,Private Limited Company (Ltd),Automotive,28/12/2011,Φωκίδα,N0850
6378858274, VeloWaveY,Sole Proprietorship,Logistics and Transportation,30/10/1995,Πιερία,N0250
4480413531, QuantumWave,Sole Proprietorship,Automotive,02/07/2006,Εύβοια,N0820
8720431447, TriWaveY,Sole Proprietorship,Automotive,17/11/1999,Χίος,N1130
8075735333, PureWaveLite,Sole Proprietorship,Agriculture and Food Production,14/06/1993,Ξάνθη,N0140
2021526210, MetaWaveX,Private Limited Company (Ltd),Energy,21/08/2004,Κεφαλλονία,N0630
3775172801, UltraWave,Sole Proprietorship,Automotive,16/05/2014,Ιωάννινα,N0430
8259504693, VividWaveZ,Sole Proprietorship,Financial Services,26/01/2005,Καβάλα,N0130
3883204330, OmniWaveZ,Sole Proprietorship,Agriculture and Food Production,13/09/2005,Ευρυτανία,N0830
3488159570, SkyWaveLite,Sole Proprietorship,Healthcare,04/10/2005,Πιερία,N0250
9203534660, RadiantWaveY,Sole Proprietorship,Healthcare,29/07/2015,Καστοριά,N0320
5586826580, HyperWaveLite,Sole Proprietorship,Automotive,04/06/1996,Κόρινθος,N1030
3772863200, QuantaWaveZ,Sole Proprietorship,Manufacturing,11/07/2000,Πρέβεζα,N0440
6137599875, ZenWaveLite,Limited Liability Company (LLC),Manufacturing,02/04/1992,Ροδόπη,N0150
3248182814, AeroWaveGen,Sole Proprietorship,Agriculture and Food Production,29/04/1996,Πειραιάς και νήσοι,N0920
9612788410, VortexWaveY,Sole Proprietorship,Agriculture and Food Production,29/11/1999,Πιερία,N0250
4421322163, NexaraWave,Limited Liability Company (LLC),Logistics and Transportation,10/07/2008,Λευκάδα,N0640
3207925232, OptiWaveLite,Sole Proprietorship,Agriculture and Food Production,09/02/2000,Πέλλα,N0240
3495386415, LumeWaveLite,Private Limited Company (Ltd),Consumer Goods and Retail,09/10/2015,Μαγνησία,N0530
1703445142, NovaWaveLite,Sole Proprietorship,Tourism and Hospitality,12/11/2002,Ζάκυνθος,N0610
7691286274, FluxWaveLite,Sole Proprietorship,Automotive,15/11/2003,Αργολίδα,N1010
6951511115, HexaWaveLite,General Partnership,Tourism and Hospitality,06/03/2007,Αιτωλοακαρνανία,N0710
6762492590, VividWaveLite,Sole Proprietorship,Healthcare,04/11/1990,Κεφαλλονία,N0630
8392708451, GlobaWaveLite,Limited Liability Company (LLC),Financial Services,08/03/2015,Μαγνησία,N0530
2386692390, MaxeonWaveX,Sole Proprietorship,Automotive,29/10/1994,Αρκαδία,N1020
5687768916, OmniWaveLite,General Partnership,Technology and Innovation,26/05/2004,Χίος,N1130
5602654640, SkyWaveLiteX,Sole Proprietorship,Technology and Innovation,04/11/1993,Γρεβενά,N0310
4048349013, RadiantWaveGen,Sole Proprietorship,Logistics and Transportation,19/04/2007,Ευρυτανία,N0830
7405883255, HyperWaveGen,Sole Proprietorship,Agriculture and Food Production,05/05/2011,Σέρρες,N0260
2313446823, QuantaWaveLite,Private Limited Company (Ltd),Tourism and Hospitality,23/03/2015,Λακωνία,N1040
7704577988, ZenWaveGen,General Partnership,Manufacturing,09/05/2001,Χαλκιδική,N0270
7439976753, AeroWaveTech,Sole Proprietorship,Consumer Goods and Retail,04/05/1991,Ημαθία,N0210
5833492782, VortexWaveLite,Sole Proprietorship,Agriculture and Food Production,28/08/2013,Ανατολική Αττική,N0930
6906392884, NexiWaveLite,Sole Proprietorship,Agriculture and Food Production,05/11/1997,Ηράκλειο,N1310
5315779962, LumeWaveGen,Sole Proprietorship,Agriculture and Food Production,25/10/1994,Σέρρες,N0260
2965180730, OptiWaveGen,Sole Proprietorship,Agriculture and Food Production,28/07/2002,Λακωνία,N1040
7246424175, VeloWaveGen,Private Limited Company (Ltd),Energy,01/11/1993,Λέσβος,N1110
3982244382, QuantumWaveLite,Limited Partnership (LP),Tourism and Hospitality,24/09/2001,Αχαΐα,N0720
9566545762, TriWaveGen,Sole Proprietorship,Consumer Goods and Retail,07/07/2015,Ιωάννινα,N0430
8957772298, FluxWaveGen,Sole Proprietorship,Agriculture and Food Production,01/12/1999,Μαγνησία,N0530
5125392340, PureWaveTech,Sole Proprietorship,Automotive,03/10/1995,Αιτωλοακαρνανία,N0710
6175812744, MetaWaveLite,Sole Proprietorship,Healthcare,02/05/2005,Πρέβεζα,N0440
4930542612, UltraWaveGen,Limited Liability Company (LLC),Financial Services,21/12/2009,Πρέβεζα,N0440
3885418266, VividWaveGen,Sole Proprietorship,Logistics and Transportation,10/01/2010,Κεφαλλονία,N0630
1092849430, OmniWaveGen,Sole Proprietorship,Tourism and Hospitality,21/09/1998,Ροδόπη,N0150
3796014067, SkyWaveGen,Sole Proprietorship,Tourism and Hospitality,17/08/2000,Κεφαλλονία,N0630
9625195623, RadiantWaveTech,Sole Proprietorship,Agriculture and Food Production,18/09/2015,Σάμος,N1120
5919939949, HyperWaveTech,Sole Proprietorship,Logistics and Transportation,20/03/1995,Φθιώτιδα,N0840
2827528363, QuantaWaveGen,Sole Proprietorship,Healthcare,17/12/1991,Καρδίτσα,N0510
5758425523, ZenWaveTech,Sole Proprietorship,Technology and Innovation,26/01/1997,Χίος,N1130
6057805160, AeroWaveXGen,Sole Proprietorship,Automotive,05/11/2009,Λασίθιο,N1320
9433060545, VortexWaveGen,Public Limited Company (PLC),Automotive,02/08/2000,Θεσσαλονίκη,N0220
4500848147, NexaraWaveGen,Sole Proprietorship,Energy,15/01/2001,Λευκάδα,N0640
3983612464, OptiWaveTech,Private Limited Company (Ltd),Technology and Innovation,12/02/1993,Γρεβενά,N0310
3074057747, LumeWaveTech,Private Limited Company (Ltd),Healthcare,09/06/2002,Σάμος,N1120
8005663672, NovaWaveGen,Private Limited Company (Ltd),Logistics and Transportation,14/12/1991,Ηλεία,N0730
8234297899, FluxWaveTech,Private Limited Company (Ltd),Technology and Innovation,19/03/2013,Ρέθυμνο,N1330
7691585390, HexaWaveGen,Private Limited Company (Ltd),Tourism and Hospitality,18/07/2007,Σάμος,N1120
3187579103, VividWaveTech,Sole Proprietorship,Healthcare,08/06/2004,Λακωνία,N1040
3783854659, GlobaWaveGen,Sole Proprietorship,Tourism and Hospitality,26/04/2010,Ανατολική Αττική,N0930
6844082188, MaxeonWaveTech,Sole Proprietorship,Automotive,11/04/2011,Ροδόπη,N0150
6004451140, OmniWaveTech,Limited Liability Company (LLC),Tourism and Hospitality,04/07/1997,Σάμος,N1120
5265288439, SkyWaveXGen,Sole Proprietorship,Logistics and Transportation,23/11/2012,Κυκλάδες,N1210
3731218775, RadiantWaveXGen,Sole Proprietorship,Healthcare,04/11/2001,Καστοριά,N0320
1599963653, HyperWaveXGen,Sole Proprietorship,Logistics and Transportation,17/02/2013,Θεσπρωτία,N0420
6245441944, QuantaWaveXGen,Sole Proprietorship,Logistics and Transportation,01/05/2008,Ξάνθη,N0140
3189208003, ZenWaveXGen,Sole Proprietorship,Agriculture and Food Production,02/06/2002,Ξάνθη,N0140
9265827413, AeroWaveTechX,Sole Proprietorship,Logistics and Transportation,15/05/1992,Θεσπρωτία,N0420
1170070623, VortexWaveXGen,General Partnership,Energy,30/08/2000,Λευκάδα,N0640
3022684219, NexiWaveGen,Limited Liability Company (LLC),Tourism and Hospitality,01/11/1990,Κιλκίς,N0230
2821220870, LumeWaveXGen,Sole Proprietorship,Logistics and Transportation,17/09/2000,Χανιά,N1340
2574356570, OptiWaveXGen,General Partnership,Agriculture and Food Production,24/04/1993,Σέρρες,N0260
2810009619, VeloWaveXGen,Sole Proprietorship,Healthcare,05/06/2001,Βοιωτία,N0810
6577904241, QuantumWaveXGen,Sole Proprietorship,Agriculture and Food Production,16/10/2005,Φλώρινα,N0340
7656774841, TriWaveXGen,Limited Liability Company (LLC),Healthcare,31/01/2011,Ηλεία,N0730
8152354030, FluxWaveXGen,Sole Proprietorship,Logistics and Transportation,17/01/2013,Χαλκιδική,N0270
6944152117, PureWaveXGen,Sole Proprietorship,Healthcare,15/04/2000,Ημαθία,N0210
5016013185, MetaWaveXGen,Limited Liability Company (LLC),Manufacturing,10/02/1996,Έβρος,N0120
1190102616, UltraWaveXGen,Private Limited Company (Ltd),Consumer Goods and Retail,31/12/2013,Ζάκυνθος,N0610
7207278736, VividWaveXGen,Sole Proprietorship,Tourism and Hospitality,30/10/2002,Ανατολική Αττική,N0930
6593243113, OmniWaveXGen,Sole Proprietorship,Logistics and Transportation,20/10/1996,Αργολίδα,N1010
3811413399, SkyWaveTechX,Limited Liability Company (LLC),Automotive,02/01/2014,Ανατολική Αττική,N0930
9148463321, SwiftPulse,Sole Proprietorship,Consumer Goods and Retail,27/04/2000,Χανιά,N1340
9682017292, BrightWing,Sole Proprietorship,Energy,02/02/2006,Άρτα,N0410
3634428125, Firebird,Sole Proprietorship,Consumer Goods and Retail,13/12/1997,Ρέθυμνο,N1330
7047353360, HorizonLuxe,Private Limited Company (Ltd),Healthcare,28/11/1992,Ηράκλειο,N1310
6643235367, OceanicGlow,Private Limited Company (Ltd),Automotive,25/06/1998,Κοζάνη,N0330
5105014796, RadiantSky,Sole Proprietorship,Logistics and Transportation,29/07/1992,Αθήνα,N0910
4268117011, PeakQuest,Private Limited Company (Ltd),Consumer Goods and Retail,07/01/1997,Ανατολική Αττική,N0930
4007721809, NimbusCloud,Limited Liability Company (LLC),Automotive,28/04/2000,Κόρινθος,N1030
7030172744, FlareRoots,Sole Proprietorship,Healthcare,26/05/2002,Αργολίδα,N1010
7475454150, PurePeak,Sole Proprietorship,Agriculture and Food Production,07/08/2011,Χαλκιδική,N0270
7534153349, FreshAir,Sole Proprietorship,Tourism and Hospitality,01/09/2001,Ηράκλειο,N1310
3004081538, BrightLine,Sole Proprietorship,Agriculture and Food Production,11/03/1993,Θεσπρωτία,N0420
8188147916, SnowCrest,Sole Proprietorship,Agriculture and Food Production,14/01/2013,Κιλκίς,N0230
4214183550, SpaceRise,Sole Proprietorship,Financial Services,22/03/1994,Καστοριά,N0320
8425518079, EmberQuest,Sole Proprietorship,Consumer Goods and Retail,24/10/2004,Μεσσηνία,N1050
9915435354, BlissMoon,Private Limited Company (Ltd),Automotive,27/03/1991,Καρδίτσα,N0510
4366327339, FoilBurst,Sole Proprietorship,Tourism and Hospitality,24/02/2008,Ιωάννινα,N0430
9298685310, SolarQuake,Sole Proprietorship,Consumer Goods and Retail,30/05/1993,Γρεβενά,N0310
1303052065, IceMist,General Partnership,Healthcare,25/06/1996,Λακωνία,N1040
7468350291, AquaBloom,Private Limited Company (Ltd),Logistics and Transportation,29/04/1997,Πρέβεζα,N0440
7354253599, SkyEcho,Sole Proprietorship,Logistics and Transportation,28/01/2015,Κυκλάδες,N1210
2259147814, VividSpike,Private Limited Company (Ltd),Tourism and Hospitality,19/07/1992,Ηράκλειο,N1310
4484020493, EclipseCrest,Sole Proprietorship,Agriculture and Food Production,20/12/1996,Ημαθία,N0210
5869063483, FreeFlow,Private Limited Company (Ltd),Logistics and Transportation,23/04/1992,Σέρρες,N0260
1735824620, StillPulse,Private Limited Company (Ltd),Consumer Goods and Retail,16/03/2001,Εύβοια,N0820
2285414010, EchoRush,Private Limited Company (Ltd),Logistics and Transportation,21/09/2008,Αργολίδα,N1010
5647738174, AlpineZen,Limited Liability Company (LLC),Tourism and Hospitality,10/04/2011,Αρκαδία,N1020
6477534069, SolarFlame,Sole Proprietorship,Consumer Goods and Retail,22/02/2000,Χίος,N1130
5817148620, FrostBliss,Sole Proprietorship,Agriculture and Food Production,23/10/2014,Φωκίδα,N0850
7395804409, TrueScape,Sole Proprietorship,Manufacturing,14/02/2003,Ιωάννινα,N0430
7791591251, SolsticeGlow,Private Limited Company (Ltd),Technology and Innovation,17/05/2010,Πειραιάς και νήσοι,N0920
6666063500, EmberLuxe,Limited Liability Company (LLC),Energy,07/09/2000,Άρτα,N0410
9644430397, AzureRise,Sole Proprietorship,Logistics and Transportation,12/01/1995,Μεσσηνία,N1050
3723133690, DuskGrove,Limited Liability Company (LLC),Tourism and Hospitality,05/12/2012,Χίος,N1130
6376197781, StellarBurst,Sole Proprietorship,Technology and Innovation,14/10/2005,Κέρκυρα,N0620
1454431329, EchoCreek,Limited Partnership (LP),Healthcare,19/07/1991,Βοιωτία,N0810
3376574144, NovaCloud,Public Limited Company (PLC),Energy,10/04/2000,Καστοριά,N0320
2284133794, ZephyrSpike,Sole Proprietorship,Agriculture and Food Production,24/04/1996,Χαλκιδική,N0270
9558049688, EdenWave,Private Limited Company (Ltd),Financial Services,04/11/2000,Ιωάννινα,N0430
5956988316, FlowQuest,Sole Proprietorship,Logistics and Transportation,11/10/2007,Καβάλα,N0130
7636191866, FrostPulse,Private Limited Company (Ltd),Financial Services,04/08/2007,Κεφαλλονία,N0630
5122808646, FireDawn,Private Limited Company (Ltd),Automotive,25/01/1999,Κυκλάδες,N1210
3726663806, DreamCrest,Private Limited Company (Ltd),Energy,13/03/1995,Ζάκυνθος,N0610
6890410547, LushHaven,Private Limited Company (Ltd),Logistics and Transportation,07/06/2006,Κοζάνη,N0330
7275679651, ZenithGlow,Limited Liability Company (LLC),Logistics and Transportation,27/10/2001,Καρδίτσα,N0510
1540517521, AquaPulse,Sole Proprietorship,Logistics and Transportation,23/12/1994,Φωκίδα,N0850
1407905016, BlissPeak,Private Limited Company (Ltd),Automotive,16/10/2000,Ηλεία,N0730
4005281668, BlazeRoots,Private Limited Company (Ltd),Tourism and Hospitality,13/12/2012,Κυκλάδες,N1210
6793012915, PeakBloom,Sole Proprietorship,Healthcare,04/09/1996,Πειραιάς και νήσοι,N0920
9417057650, BreezeCrest,Sole Proprietorship,Consumer Goods and Retail,24/12/2005,Αθήνα,N0910
9966115420, SwiftPeak,Sole Proprietorship,Consumer Goods and Retail,08/03/2006,Καστοριά,N0320
1573439040, CascadeZen,Public Limited Company (PLC),Healthcare,25/09/1994,Δράμα,N0110
6241557590, SolarFlare,Sole Proprietorship,Tourism and Hospitality,15/11/1992,Ιωάννινα,N0430
6798940101, FrostPeak,Limited Partnership (LP),Healthcare,19/07/2001,Ξάνθη,N0140
4652588990, PureHue,Sole Proprietorship,Healthcare,29/05/2001,Θεσσαλονίκη,N0220
1025593026, HorizonZen,Sole Proprietorship,Logistics and Transportation,09/04/1996,Αθήνα,N0910
5883329561, OceanRise,Sole Proprietorship,Agriculture and Food Production,05/02/2015,Καβάλα,N0130
1025181067, CrestAura,General Partnership,Financial Services,30/05/2005,Ηράκλειο,N1310
7674226591, BlazeEcho,Sole Proprietorship,Consumer Goods and Retail,11/07/1993,Πειραιάς και νήσοι,N0920
7803395330, FrostRise,Sole Proprietorship,Healthcare,01/11/1996,Ευρυτανία,N0830
6352544012, SunDaze,Sole Proprietorship,Tourism and Hospitality,20/03/2011,Αχαΐα,N0720
5525346796, ZenithQuest,General Partnership,Agriculture and Food Production,30/11/2008,Μαγνησία,N0530
2077200325, ClearWave,Sole Proprietorship,Tourism and Hospitality,17/03/2007,Φωκίδα,N0850
1194658099, EmberGlow,Sole Proprietorship,Financial Services,31/12/1990,Λάρισα,N0520
6024932245, BlissRise,Sole Proprietorship,Manufacturing,28/03/2006,Ευρυτανία,N0830
9063890305, AquaBurst,Limited Liability Company (LLC),Technology and Innovation,03/08/1998,Εύβοια,N0820
2444586117, SwiftGlow,Sole Proprietorship,Agriculture and Food Production,22/01/2015,Φθιώτιδα,N0840
7161606910, FrostBloom,Sole Proprietorship,Tourism and Hospitality,07/10/1993,Ξάνθη,N0140
5208854621, TrueGlow,Sole Proprietorship,Healthcare,23/05/2012,Ανατολική Αττική,N0930
4132962296, CloverZen,Limited Liability Company (LLC),Tourism and Hospitality,08/02/2006,Καρδίτσα,N0510
9427053283, NovaBurst,Sole Proprietorship,Consumer Goods and Retail,18/08/1991,Χανιά,N1340
2981287970, BrightZen,Limited Partnership (LP),Manufacturing,24/08/2008,Λασίθιο,N1320
9984156125, OceanGrove,Sole Proprietorship,Agriculture and Food Production,17/12/2006,Φωκίδα,N0850
1149272064, FrostDusk,Limited Liability Company (LLC),Manufacturing,08/09/1992,Λασίθιο,N1320
3579113338, FlamePeak,Sole Proprietorship,Logistics and Transportation,11/02/1994,Ξάνθη,N0140
8564035990, DreamHue,Sole Proprietorship,Technology and Innovation,21/10/2005,Χίος,N1130
9874354060, HorizonGlow,Limited Partnership (LP),Energy,14/08/2008,Πιερία,N0250
7398346114, FrostMoon,Sole Proprietorship,Technology and Innovation,08/05/2001,Πειραιάς και νήσοι,N0920
3343460240, NovaPulse,Private Limited Company (Ltd),Manufacturing,02/05/2015,Λακωνία,N1040
9024280238, BreezeZen,Private Limited Company (Ltd),Consumer Goods and Retail,20/02/2013,Λακωνία,N1040
3871673498, PeakMagic,Sole Proprietorship,Healthcare,05/11/1992,Αργολίδα,N1010
9873007235, SolarHaze,Sole Proprietorship,Automotive,08/10/2001,Αρκαδία,N1020
7431268167, RainRise,Sole Proprietorship,Healthcare,16/06/1995,Ιωάννινα,N0430
3287590997, NovaQuest,Limited Partnership (LP),Energy,04/10/2000,Πειραιάς και νήσοι,N0920
3872268138, FrostAura,Sole Proprietorship,Tourism and Hospitality,12/02/2003,Χίος,N1130
2927031778, BlissBurst,Sole Proprietorship,Consumer Goods and Retail,07/06/1992,Αιτωλοακαρνανία,N0710
8003968759, EchoGrove,Sole Proprietorship,Consumer Goods and Retail,31/05/2014,Χανιά,N1340
8143708762, OceanGlow,Sole Proprietorship,Agriculture and Food Production,29/09/2009,Τρίκαλα,N0540
7790814335, TrueQuest,Private Limited Company (Ltd),Energy,18/11/2000,Πέλλα,N0240
6925187139, TrueSpike,Sole Proprietorship,Manufacturing,01/04/2010,Καβάλα,N0130
2994845018, AzureDusk,Sole Proprietorship,Manufacturing,09/03/2004,Σέρρες,N0260
4051024843, BlissWave,Private Limited Company (Ltd),Tourism and Hospitality,19/05/1991,Χίος,N1130
4814398388, ClearGlow,Private Limited Company (Ltd),Healthcare,24/05/2000,Χαλκιδική,N0270
9720363551, FireHue,Private Limited Company (Ltd),Agriculture and Food Production,03/02/2006,Χίος,N1130
6052550032, FrostSpike,Private Limited Company (Ltd),Consumer Goods and Retail,15/09/1990,Κυκλάδες,N1210
2382678882, SpringGlow,Sole Proprietorship,Agriculture and Food Production,17/03/2002,Σέρρες,N0260
5934006968, BlissEcho,Sole Proprietorship,Consumer Goods and Retail,27/01/1998,Λάρισα,N0520
7620966496, ZenithMoon,Sole Proprietorship,Financial Services,01/09/2012,Καβάλα,N0130
6647574600, PureEcho,Sole Proprietorship,Tourism and Hospitality,08/11/1999,Κυκλάδες,N1210
2324417062, ClearSpike,Sole Proprietorship,Tourism and Hospitality,24/04/2012,Δυτική Αττική,N0940
8062387712, SolarZen,Limited Partnership (LP),Financial Services,22/04/2001,Κόρινθος,N1030
5652570264, CloudZen,Limited Partnership (LP),Financial Services,07/04/2007,Χανιά,N1340
6220510239, FrostDawn,Sole Proprietorship,Logistics and Transportation,03/04/1997,Σέρρες,N0260
3605372360, FireEcho,Private Limited Company (Ltd),Tourism and Hospitality,18/05/1999,Ζάκυνθος,N0610
2691956262, ZenithGlade,Sole Proprietorship,Agriculture and Food Production,15/08/2008,Μεσσηνία,N1050
1164854790, CascadeHue,Sole Proprietorship,Tourism and Hospitality,13/09/1994,Ιωάννινα,N0430
6453542164, FrostFlow,Private Limited Company (Ltd),Automotive,31/12/2014,Θεσπρωτία,N0420
3219946246, NovaAura,Limited Liability Company (LLC),Manufacturing,26/11/1997,Μεσσηνία,N1050
5612812878, AzureBloom,Sole Proprietorship,Healthcare,23/07/1990,Δυτική Αττική,N0940
1396368692, BlazeZen,Sole Proprietorship,Automotive,23/08/2014,Κόρινθος,N1030
3054613122, BlissHue,Sole Proprietorship,Logistics and Transportation,06/05/2002,Πρέβεζα,N0440
3138745550, FrostQuake,Limited Liability Company (LLC),Consumer Goods and Retail,22/02/2004,Αιτωλοακαρνανία,N0710
7622412450, ClearQuest,Limited Liability Company (LLC),Financial Services,04/01/2013,Φωκίδα,N0850
9448368288, FrostQuest,Limited Liability Company (LLC),Logistics and Transportation,24/11/2008,Κοζάνη,N0330
6691081005, SpringBurst,Sole Proprietorship,Tourism and Hospitality,15/06/2006,Άρτα,N0410
3919975448, FreshGlow,General Partnership,Financial Services,30/12/2002,Αχαΐα,N0720
6507958614, AzureQuest,Sole Proprietorship,Consumer Goods and Retail,07/08/2009,Λέσβος,N1110
8794050798, BlissQuake,Private Limited Company (Ltd),Manufacturing,03/01/2006,Λευκάδα,N0640
7091833610, SpringEcho,Sole Proprietorship,Healthcare,11/09/1997,Αργολίδα,N1010
8968268655, ClearBurst,Sole Proprietorship,Manufacturing,30/08/2000,Ρέθυμνο,N1330
6652517511, BoldPeak,Sole Proprietorship,Consumer Goods and Retail,25/04/1990,Έβρος,N0120
7630507122, WaveDrop,Sole Proprietorship,Tourism and Hospitality,02/02/2014,Χίος,N1130
3407801040, SteelLuxe,Public Limited Company (PLC),Consumer Goods and Retail,03/03/1991,Ανατολική Αττική,N0930
7652152528, BrightOak,General Partnership,Manufacturing,05/02/2006,Λακωνία,N1040
5280638912, TrueLoop,Limited Liability Company (LLC),Energy,22/05/2006,Καρδίτσα,N0510
2330255865, WestHive,Sole Proprietorship,Energy,07/02/2002,Πειραιάς και νήσοι,N0920
7206327350, PurePod,Sole Proprietorship,Consumer Goods and Retail,30/12/2001,Δράμα,N0110
4708140222, LuxeMint,Limited Liability Company (LLC),Agriculture and Food Production,30/03/1996,Χίος,N1130
3081438315, RiseCast,Private Limited Company (Ltd),Agriculture and Food Production,04/06/2011,Χίος,N1130
6529753805, FlexLeaf,Sole Proprietorship,Agriculture and Food Production,26/07/2002,Καρδίτσα,N0510
3023635707, GoldBloom,Sole Proprietorship,Agriculture and Food Production,23/05/2008,Έβρος,N0120
9574613872, MintRush,Private Limited Company (Ltd),Automotive,16/01/2005,Καρδίτσα,N0510
1396048158, TechLuxe,Private Limited Company (Ltd),Agriculture and Food Production,13/10/2012,Βοιωτία,N0810
4780553538, SilkSpin,Private Limited Company (Ltd),Healthcare,04/04/2000,Εύβοια,N0820
4015864756, OceanFrost,Sole Proprietorship,Technology and Innovation,25/08/2011,Αιτωλοακαρνανία,N0710
3576919920, SwiftShift,Sole Proprietorship,Manufacturing,25/12/2003,Σέρρες,N0260
7029928924, PureStem,Sole Proprietorship,Manufacturing,10/01/2011,Λακωνία,N1040
7905289626, AdvancePro,Sole Proprietorship,Automotive,16/07/2004,Θεσσαλονίκη,N0220
5861163015, AquaGlow,Private Limited Company (Ltd),Tourism and Hospitality,22/03/2001,Ροδόπη,N0150
5411858506, EchoJade,Private Limited Company (Ltd),Energy,19/10/1994,Κιλκίς,N0230
2289046202, ZenZing,Private Limited Company (Ltd),Logistics and Transportation,01/05/2004,Κεφαλλονία,N0630
3739746146, ScopeSky,Sole Proprietorship,Agriculture and Food Production,16/07/2002,Χίος,N1130
4080609860, TideCrisp,Sole Proprietorship,Healthcare,24/11/2011,Μαγνησία,N0530
7852589996, SunRise,Private Limited Company (Ltd),Technology and Innovation,08/04/1999,Αρκαδία,N1020
4873016257, NovaNest,Sole Proprietorship,Logistics and Transportation,26/09/1990,Ανατολική Αττική,N0930
3361255587, ValetSun,Sole Proprietorship,Healthcare,22/05/1992,Ζάκυνθος,N0610
2178032975, LeafBreeze,Private Limited Company (Ltd),Technology and Innovation,14/09/2014,Ιωάννινα,N0430
3922206760, LunaLuxe,Private Limited Company (Ltd),Technology and Innovation,16/05/1991,Μεσσηνία,N1050
4087597158, TideTech,Sole Proprietorship,Agriculture and Food Production,15/06/2006,Ζάκυνθος,N0610
8779068120, BlueLeaf,Sole Proprietorship,Consumer Goods and Retail,28/02/1996,Ιωάννινα,N0430
9890233429, SilkScape,Sole Proprietorship,Agriculture and Food Production,12/09/1991,Θεσπρωτία,N0420
4298118912, StarCrest,Private Limited Company (Ltd),Technology and Innovation,29/08/1998,Λάρισα,N0520
6278826156, RiseTide,Sole Proprietorship,Logistics and Transportation,26/03/2001,Αιτωλοακαρνανία,N0710
1359180057, TrueLuxe,Sole Proprietorship,Healthcare,10/04/2000,Φωκίδα,N0850
3090396347, NovaBloom,Sole Proprietorship,Healthcare,03/03/2010,Γρεβενά,N0310
1464516160, FlexWave,General Partnership,Agriculture and Food Production,26/03/2005,Καρδίτσα,N0510
6755533954, AquaMint,Sole Proprietorship,Agriculture and Food Production,06/02/2014,Πρέβεζα,N0440
1699034415, SteelSpace,Sole Proprietorship,Consumer Goods and Retail,14/03/2008,Θεσσαλονίκη,N0220
4647577130, BoldLuxe,Sole Proprietorship,Agriculture and Food Production,07/05/2008,Αργολίδα,N1010
4206827182, TechPod,Sole Proprietorship,Consumer Goods and Retail,14/05/2012,Λευκάδα,N0640
5032189349, PureFlame,Private Limited Company (Ltd),Logistics and Transportation,10/03/1991,Καστοριά,N0320
2941638290, ZenLeaf,Sole Proprietorship,Manufacturing,14/10/2010,Κόρινθος,N1030
8972952677, BrightPix,Public Limited Company (PLC),Manufacturing,17/01/2012,Λευκάδα,N0640
2606559611, SunLush,Private Limited Company (Ltd),Manufacturing,17/02/1994,Σάμος,N1120
7408023880, FlexLink,Limited Liability Company (LLC),Consumer Goods and Retail,05/02/1992,Τρίκαλα,N0540
6419241764, WaveRush,Sole Proprietorship,Manufacturing,29/06/1998,Σάμος,N1120
3722643610, NovaSky,Private Limited Company (Ltd),Financial Services,01/06/1990,Λακωνία,N1040
3377987326, AquaLuxe,Private Limited Company (Ltd),Manufacturing,02/03/2013,Φωκίδα,N0850
7112465967, TrueRise,Private Limited Company (Ltd),Manufacturing,20/06/1998,Φλώρινα,N0340
2024967936, SilkCove,Sole Proprietorship,Tourism and Hospitality,23/12/1994,Αρκαδία,N1020
8163272949, SteelLoop,Sole Proprietorship,Agriculture and Food Production,20/11/2010,Ρέθυμνο,N1330
5107695893, MintShine,Sole Proprietorship,Technology and Innovation,08/01/1991,Φλώρινα,N0340
1484364152, OceanLink,Private Limited Company (Ltd),Agriculture and Food Production,05/02/1999,Ζάκυνθος,N0610
6506900566, StarLuxe,Private Limited Company (Ltd),Technology and Innovation,19/10/2013,Καβάλα,N0130
3505317750, PureLine,Sole Proprietorship,Technology and Innovation,29/09/2009,Σάμος,N1120
8604529111, SkyFrost,General Partnership,Healthcare,04/09/2001,Ανατολική Αττική,N0930
9598627474, LunaLeaf,Sole Proprietorship,Manufacturing,14/04/1999,Αιτωλοακαρνανία,N0710
9993104119, AquaZing,Sole Proprietorship,Agriculture and Food Production,12/02/2014,Αρκαδία,N1020
6652977218, NovaPeak,Private Limited Company (Ltd),Automotive,18/07/2009,Πρέβεζα,N0440
4692153363, TideSky,Sole Proprietorship,Technology and Innovation,13/07/2015,Μαγνησία,N0530
8248216610, SilkLink,Sole Proprietorship,Logistics and Transportation,05/07/1998,Χανιά,N1340
6789859634, SunRush,Limited Liability Company (LLC),Energy,10/05/2007,Θεσσαλονίκη,N0220
3028012851, TideLink,Limited Liability Company (LLC),Energy,27/03/2005,Κεφαλλονία,N0630
6896877450, WaveFrost,Sole Proprietorship,Tourism and Hospitality,29/09/1990,Χανιά,N1340
4796090973, StarLush,Private Limited Company (Ltd),Agriculture and Food Production,10/11/2005,Φθιώτιδα,N0840
9089540830, NovaPod,Sole Proprietorship,Healthcare,05/04/1994,Εύβοια,N0820
5075093848, AquaPeak,Sole Proprietorship,Consumer Goods and Retail,26/01/1993,Λευκάδα,N0640
3411003993, BoldNest,Sole Proprietorship,Healthcare,30/06/1998,Χανιά,N1340
2070806265, TideStone,Sole Proprietorship,Logistics and Transportation,24/05/2001,Βοιωτία,N0810
5143580995, AquaSky,Sole Proprietorship,Manufacturing,08/04/1992,Καστοριά,N0320
6953043670, ZenGlow,Limited Partnership (LP),Technology and Innovation,06/10/2002,Γρεβενά,N0310
5833792857, TrueRush,Sole Proprietorship,Tourism and Hospitality,03/09/2003,Λάρισα,N0520
9073587480, FlexBloom,Private Limited Company (Ltd),Tourism and Hospitality,02/03/1992,Βοιωτία,N0810
1411663443, SilkWind,Sole Proprietorship,Consumer Goods and Retail,22/04/1993,Λέσβος,N1110
4430808077, OceanMint,Sole Proprietorship,Consumer Goods and Retail,12/04/1996,Ηλεία,N0730
8576646850, StarJade,Sole Proprietorship,Logistics and Transportation,21/10/1990,Ηράκλειο,N1310
1799331360, PureLoop,Limited Liability Company (LLC),Tourism and Hospitality,19/10/2008,Χίος,N1130
1136205751, RiseLuxe,Sole Proprietorship,Healthcare,20/12/1990,Αρκαδία,N1020
2377041048, LunaTech,Limited Liability Company (LLC),Consumer Goods and Retail,20/10/2015,Τρίκαλα,N0540
4015738120, SteelNest,Sole Proprietorship,Manufacturing,25/04/1993,Χανιά,N1340
5529223785, BoldWave,Limited Partnership (LP),Agriculture and Food Production,09/10/1998,Φωκίδα,N0850
9242934133, NovaSun,Sole Proprietorship,Automotive,25/04/2001,Κόρινθος,N1030
4192473678, TideSwift,Private Limited Company (Ltd),Automotive,09/06/2011,Σέρρες,N0260
3520209418, TechBloom,Sole Proprietorship,Agriculture and Food Production,18/04/2015,Ηράκλειο,N1310
6384242396, AquaFrost,Sole Proprietorship,Healthcare,23/03/2013,Λάρισα,N0520
2623303457, SilkCrest,Sole Proprietorship,Consumer Goods and Retail,22/07/1999,Λάρισα,N0520
5231101502, PureSpin,Sole Proprietorship,Agriculture and Food Production,28/02/2009,Σάμος,N1120
3693300130, StarLine,Sole Proprietorship,Agriculture and Food Production,22/09/1992,Εύβοια,N0820
5321092501, RiseBloom,Sole Proprietorship,Manufacturing,05/06/2013,Αιτωλοακαρνανία,N0710
1530572743, WaveLuxe,Private Limited Company (Ltd),Financial Services,12/11/1995,Κιλκίς,N0230
8687709269, LunaTide,Limited Liability Company (LLC),Manufacturing,21/04/2010,Δράμα,N0110
7587042101, SteelMint,Sole Proprietorship,Technology and Innovation,08/07/2012,Μαγνησία,N0530
8993470727, BoldTech,Private Limited Company (Ltd),Agriculture and Food Production,14/09/2015,Θεσσαλονίκη,N0220
3100378290, NovaOcean,Limited Liability Company (LLC),Manufacturing,20/07/2006,Χαλκιδική,N0270
2470681604, SilkRush,Limited Partnership (LP),Manufacturing,26/02/2009,Γρεβενά,N0310
5188622270, ZenLuxe,Limited Liability Company (LLC),Healthcare,22/05/2007,Καβάλα,N0130
5728083185, AquaFlame,Private Limited Company (Ltd),Healthcare,06/06/1995,Πειραιάς και νήσοι,N0920
4801590764, PurePulse,Limited Partnership (LP),Agriculture and Food Production,26/07/1990,Σάμος,N1120
9483038935, StarLeaf,Private Limited Company (Ltd),Technology and Innovation,01/11/2011,Κοζάνη,N0330
4371474586, RiseFrost,Sole Proprietorship,Technology and Innovation,12/06/1994,Δράμα,N0110
9891278881, LunaSpin,Limited Liability Company (LLC),Automotive,12/04/2008,Πρέβεζα,N0440
1567616097, TechCrest,Sole Proprietorship,Agriculture and Food Production,06/03/2011,Μαγνησία,N0530
8259180140, SteelGlow,Sole Proprietorship,Consumer Goods and Retail,14/02/1998,Ιωάννινα,N0430
6438755849, BoldJade,Sole Proprietorship,Automotive,15/11/2009,Έβρος,N0120
6940570365, SilkLoop,Sole Proprietorship,Energy,15/10/2012,Δράμα,N0110
2804138370, ZenPod,Sole Proprietorship,Healthcare,14/08/2006,Λακωνία,N1040
9718080466, AquaLush,Sole Proprietorship,Consumer Goods and Retail,27/02/2013,Βοιωτία,N0810
6965703197, PureTech,Private Limited Company (Ltd),Consumer Goods and Retail,21/02/2010,Χαλκιδική,N0270
9052778206, StarBloom,General Partnership,Manufacturing,19/08/1998,Κεφαλλονία,N0630
6448479770, TideSun,Sole Proprietorship,Technology and Innovation,21/01/2000,Φθιώτιδα,N0840
2832779870, RiseBreeze,General Partnership,Healthcare,21/01/1990,Δωδεκάνησα,N1220
3416982560, LunaNest,Private Limited Company (Ltd),Logistics and Transportation,14/04/1991,Καβάλα,N0130
4060909826, TechRise,Sole Proprietorship,Technology and Innovation,27/06/2014,Φωκίδα,N0850
7522284635, SteelPeaks,Sole Proprietorship,Technology and Innovation,24/09/2009,Φωκίδα,N0850
6346391500, SilkShine,Sole Proprietorship,Tourism and Hospitality,03/11/2011,Λασίθιο,N1320
1455851577, PureGlow,Limited Liability Company (LLC),Energy,01/11/2011,Καβάλα,N0130
6359402654, TideSpin,Private Limited Company (Ltd),Automotive,12/07/2011,Κόρινθος,N1030
6348608562, RiseLeaf,Private Limited Company (Ltd),Technology and Innovation,10/07/1996,Αθήνα,N0910
1692526151, LunaCrest,Limited Liability Company (LLC),Consumer Goods and Retail,29/04/2010,Βοιωτία,N0810
1169843144, TechFlame,Sole Proprietorship,Agriculture and Food Production,12/02/2002,Θεσπρωτία,N0420
6222741361, SteelTide,Sole Proprietorship,Technology and Innovation,19/05/1993,Φλώρινα,N0340
6649902295, BoldLoop,Limited Liability Company (LLC),Automotive,31/01/2011,Λάρισα,N0520
6690924828, NovaTech,General Partnership,Consumer Goods and Retail,29/08/2000,Πειραιάς και νήσοι,N0920
8441116651, SilkBloom,Sole Proprietorship,Consumer Goods and Retail,21/03/1997,Θεσσαλονίκη,N0220
6021681520, ZenFrost,Sole Proprietorship,Automotive,21/02/2005,Κοζάνη,N0330
2026631170, AquaLink,Private Limited Company (Ltd),Financial Services,04/12/2004,Θεσπρωτία,N0420
7248849094, TideWind,Limited Liability Company (LLC),Logistics and Transportation,21/02/2007,Καστοριά,N0320
5908274880, RiseSky,Sole Proprietorship,Tourism and Hospitality,10/04/2009,Λακωνία,N1040
8070203169, LunaShine,Limited Liability Company (LLC),Healthcare,29/09/2004,Πρέβεζα,N0440
3278687479, TechPods,Sole Proprietorship,Agriculture and Food Production,15/04/2014,Κυκλάδες,N1210
4563790282, BoldTide,Limited Liability Company (LLC),Technology and Innovation,05/04/1994,Αθήνα,N0910
4442797359, NovaRise,Sole Proprietorship,Healthcare,26/06/1995,Ζάκυνθος,N0610
6855508274, SilkNest,Sole Proprietorship,Agriculture and Food Production,25/04/2015,Θεσσαλονίκη,N0220
7813622408, ZenBloom,Sole Proprietorship,Logistics and Transportation,05/10/2008,Καβάλα,N0130
8843046176, PureStar,Limited Liability Company (LLC),Logistics and Transportation,12/02/2009,Κοζάνη,N0330
4886210621, SilkPeak,Private Limited Company (Ltd),Tourism and Hospitality,22/09/2006,Ημαθία,N0210
3487676790, AquaRise,Sole Proprietorship,Healthcare,28/12/1994,Κόρινθος,N1030
1970095430, TideNova,Sole Proprietorship,Agriculture and Food Production,26/01/2000,Λάρισα,N0520
6075974367, ZenLuna,Private Limited Company (Ltd),Manufacturing,29/06/2000,Κεφαλλονία,N0630
7682734967, PureBloom,Limited Liability Company (LLC),Healthcare,10/04/1998,Χανιά,N1340
3560924106, SteelJade,Private Limited Company (Ltd),Logistics and Transportation,04/12/1997,Δράμα,N0110
5855148067, BoldAqua,Limited Liability Company (LLC),Technology and Innovation,29/12/2010,Κοζάνη,N0330
2186181192, TechStar,Sole Proprietorship,Tourism and Hospitality,12/08/2013,Έβρος,N0120
1298378264, RiseBeam,Private Limited Company (Ltd),Financial Services,28/08/2000,Αθήνα,N0910
5994220815, LunaLink,Sole Proprietorship,Tourism and Hospitality,26/01/2011,Μεσσηνία,N1050
2288831585, SilkBreeze,Private Limited Company (Ltd),Healthcare,21/10/2008,Σέρρες,N0260
4144146297, TideFrost,Sole Proprietorship,Technology and Innovation,04/02/2003,Θεσσαλονίκη,N0220
5828496653, BoldBloom,Private Limited Company (Ltd),Manufacturing,22/04/1995,Θεσπρωτία,N0420
2461227472, SteelNova,Sole Proprietorship,Consumer Goods and Retail,05/08/2006,Έβρος,N0120
5693098776, AquaSilk,Sole Proprietorship,Logistics and Transportation,19/05/1995,Λάρισα,N0520
6088322800, ZenTech,Sole Proprietorship,Manufacturing,08/05/1996,Λευκάδα,N0640
5853230942, LunaFlame,Limited Liability Company (LLC),Technology and Innovation,12/04/2004,Θεσσαλονίκη,N0220
4340947689, TechZen,Sole Proprietorship,Technology and Innovation,24/03/2006,Φωκίδα,N0850
8009648039, NovaPods,Sole Proprietorship,Agriculture and Food Production,25/06/2000,Κόρινθος,N1030
4424426674, TrueStar,Private Limited Company (Ltd),Technology and Innovation,20/05/1998,Κόρινθος,N1030
9082485200, PureRise,Sole Proprietorship,Tourism and Hospitality,18/03/2007,Δυτική Αττική,N0940
8633297497, TechSwift,Limited Partnership (LP),Energy,10/12/2007,Ευρυτανία,N0830
8353655096, TideBeam,General Partnership,Automotive,11/04/1992,Βοιωτία,N0810
9009632139, RiseLink,Sole Proprietorship,Consumer Goods and Retail,08/12/1994,Αχαΐα,N0720
3168835730, LunaRise,Sole Proprietorship,Healthcare,10/03/1990,Εύβοια,N0820
1936852000, AquaNova,Sole Proprietorship,Healthcare,31/05/1992,Ζάκυνθος,N0610
4818599488, SilkZen,General Partnership,Agriculture and Food Production,29/07/2012,Ανατολική Αττική,N0930
3125902560, TidePeak,Sole Proprietorship,Consumer Goods and Retail,31/08/1994,Ροδόπη,N0150
2262509700, SteelPods,Sole Proprietorship,Agriculture and Food Production,17/11/1998,Αιτωλοακαρνανία,N0710
8468628344, SilkLuxe,Private Limited Company (Ltd),Manufacturing,13/07/2007,Ευρυτανία,N0830
3993049792, AquaNest,Sole Proprietorship,Agriculture and Food Production,02/11/2004,Ξάνθη,N0140
5032459268, ZenSpin,Private Limited Company (Ltd),Financial Services,24/05/1993,Αργολίδα,N1010
5001223074, PureTide,Limited Partnership (LP),Automotive,22/06/2004,Ηλεία,N0730
7384423338, NovaLeaf,Sole Proprietorship,Tourism and Hospitality,21/12/2001,Δωδεκάνησα,N1220
8575591766, TideRise,Private Limited Company (Ltd),Consumer Goods and Retail,19/03/1995,Χίος,N1130
9807672405, LunaSilk,Limited Liability Company (LLC),Agriculture and Food Production,20/08/2000,Χαλκιδική,N0270
1797950864, SteelStar,Sole Proprietorship,Tourism and Hospitality,25/03/2007,Ηράκλειο,N1310
4547925059, PureSun,Limited Liability Company (LLC),Consumer Goods and Retail,27/07/1991,Λευκάδα,N0640
3522432570, BoldLuna,Sole Proprietorship,Technology and Innovation,09/02/2010,Πιερία,N0250
5888260469, TideNest,Public Limited Company (PLC),Automotive,08/11/1993,Μεσσηνία,N1050
9400221594, Vita Core,Private Limited Company (Ltd),Agriculture and Food Production,07/04/1990,Χαλκιδική,N0270
3232187723, Star Row,Sole Proprietorship,Manufacturing,25/09/1999,Χίος,N1130
8353082211, Blue Flash,Sole Proprietorship,Agriculture and Food Production,16/05/2006,Σέρρες,N0260
7389701639, Luxe Lab,Sole Proprietorship,Consumer Goods and Retail,19/09/2008,Κιλκίς,N0230
1220478640, Aqua Co,Private Limited Company (Ltd),Financial Services,15/01/2004,Δωδεκάνησα,N1220
9417907554, Nova Box,Sole Proprietorship,Healthcare,24/09/2014,Άρτα,N0410
7327816983, Pure Axe,Public Limited Company (PLC),Manufacturing,30/04/2008,Λακωνία,N1040
4055110703, Zen Pro,Private Limited Company (Ltd),Automotive,16/04/2011,Βοιωτία,N0810
7431906451, Swift Amp,Public Limited Company (PLC),Consumer Goods and Retail,28/06/2003,Χανιά,N1340
7651200479, Jade Zen,Sole Proprietorship,Manufacturing,20/05/1991,Ηλεία,N0730
4076218475, Coral Kit,Private Limited Company (Ltd),Logistics and Transportation,17/10/2014,Βοιωτία,N0810
2958989458, Neo Sun,Sole Proprietorship,Agriculture and Food Production,24/02/2015,Κέρκυρα,N0620
4124561372, Tech Jet,Limited Liability Company (LLC),Financial Services,13/01/2007,Λάρισα,N0520
9855631130, Echo Hub,Sole Proprietorship,Technology and Innovation,14/01/2015,Καβάλα,N0130
1419249273, Halo Axe,Sole Proprietorship,Logistics and Transportation,11/03/2001,Ροδόπη,N0150
6355567009, Ruby Lux,Sole Proprietorship,Healthcare,14/08/1998,Ηράκλειο,N1310
3240594467, Luna Lab,Sole Proprietorship,Technology and Innovation,08/01/2011,Σάμος,N1120
9207292795, Glow Zen,Sole Proprietorship,Tourism and Hospitality,21/01/1994,Σάμος,N1120
9342466543, Pearl Pod,Sole Proprietorship,Logistics and Transportation,20/02/1999,Λακωνία,N1040
3030324018, Flix Pax,Private Limited Company (Ltd),Agriculture and Food Production,28/03/2005,Ροδόπη,N0150
7151463598, Swift Zed,Private Limited Company (Ltd),Agriculture and Food Production,22/03/2013,Άρτα,N0410
5858292845, Zen Spy,Sole Proprietorship,Technology and Innovation,06/02/1991,Άρτα,N0410
7376578271, Levo Lux,Private Limited Company (Ltd),Consumer Goods and Retail,15/07/2004,Χίος,N1130
8788269478, Blue Vox,Sole Proprietorship,Agriculture and Food Production,28/10/2008,Γρεβενά,N0310
4258607873, Nova Sky,Sole Proprietorship,Consumer Goods and Retail,27/09/2004,Εύβοια,N0820
7507919700, Zen Go,Private Limited Company (Ltd),Energy,18/10/2008,Χαλκιδική,N0270
6122464607, Zap Zen,Sole Proprietorship,Financial Services,18/12/1996,Κιλκίς,N0230
2512902385, Core Fix,Limited Liability Company (LLC),Agriculture and Food Production,09/09/1994,Καστοριά,N0320
3774808052, Echo On,Sole Proprietorship,Technology and Innovation,08/07/2006,Λευκάδα,N0640
7144500593, Pure Zen,Sole Proprietorship,Technology and Innovation,09/12/2005,Πέλλα,N0240
6993201483, Sky Jet,Sole Proprietorship,Consumer Goods and Retail,25/03/1993,Ηλεία,N0730
9465093508, Orbit Co,Limited Partnership (LP),Logistics and Transportation,29/03/2011,Αιτωλοακαρνανία,N0710
6780685252, Wave Zen,Sole Proprietorship,Logistics and Transportation,01/02/2014,Ευρυτανία,N0830
5552838589, Gem Axe,Sole Proprietorship,Logistics and Transportation,23/12/2013,Λακωνία,N1040
2671987832, Zen Uni,Private Limited Company (Ltd),Manufacturing,04/07/2009,Χίος,N1130
8441411009, Apex Kit,General Partnership,Healthcare,03/09/1999,Μεσσηνία,N1050
7808148125, Luxe Dex,Sole Proprietorship,Tourism and Hospitality,23/10/2013,Αχαΐα,N0720
6862584825, Zen Jet,Sole Proprietorship,Consumer Goods and Retail,10/04/2007,Καστοριά,N0320
6529300619, Dash Axe,General Partnership,Manufacturing,12/02/2004,Αθήνα,N0910
6655310561, Zen X,Sole Proprietorship,Tourism and Hospitality,26/10/2008,Κόρινθος,N1030
1320639440, Flux Zen,Sole Proprietorship,Logistics and Transportation,02/01/1996,Δωδεκάνησα,N1220
6742090712, Thrive Zen,Sole Proprietorship,Technology and Innovation,17/12/1999,Άρτα,N0410
4906061991, Navi Zen,Sole Proprietorship,Consumer Goods and Retail,18/11/2010,Αθήνα,N0910
5752373691, Zen Gen,Private Limited Company (Ltd),Agriculture and Food Production,20/11/1994,Ημαθία,N0210
7359415072, Fuse Zen,Limited Partnership (LP),Consumer Goods and Retail,27/09/1996,Ξάνθη,N0140
5451728975, Zen Max,Sole Proprietorship,Consumer Goods and Retail,12/07/2011,Καστοριά,N0320
6539720417, Zen Click,Sole Proprietorship,Healthcare,25/10/2011,Καστοριά,N0320
6307004290, Zen Flix,Sole Proprietorship,Manufacturing,12/03/2005,Κέρκυρα,N0620
5645066588, Zen Opt,Sole Proprietorship,Agriculture and Food Production,27/09/2001,Μαγνησία,N0530
1590652182, Zen Zap,Sole Proprietorship,Tourism and Hospitality,07/03/1993,Τρίκαλα,N0540
8133436201, Zenify,General Partnership,Agriculture and Food Production,19/01/2012,Κυκλάδες,N1210
1077206404, Zen Wave,Sole Proprietorship,Tourism and Hospitality,23/07/1992,Λακωνία,N1040
9180946412, Zenifyy,Sole Proprietorship,Manufacturing,25/02/2000,Αχαΐα,N0720
8160756149, Zen Zoom,Sole Proprietorship,Tourism and Hospitality,09/09/1996,Ιωάννινα,N0430
1908621987, Zen Fly,Sole Proprietorship,Technology and Innovation,21/10/2005,Ανατολική Αττική,N0930
5548411840, Zen Sync,Sole Proprietorship,Agriculture and Food Production,07/04/2004,Πέλλα,N0240
8983017942, Zen Link,Limited Liability Company (LLC),Agriculture and Food Production,04/08/2007,Δωδεκάνησα,N1220
5795371568, Zen Echo,Sole Proprietorship,Tourism and Hospitality,10/01/1997,Ανατολική Αττική,N0930
3883917986, Zenifyo,Sole Proprietorship,Agriculture and Food Production,12/03/1990,Σάμος,N1120
1317767072, Zen Boost,Sole Proprietorship,Agriculture and Food Production,29/05/2003,Άρτα,N0410
6824481817, Zen Swift,Sole Proprietorship,Tourism and Hospitality,07/01/2013,Ιωάννινα,N0430
4610695925, Zen Core,Private Limited Company (Ltd),Manufacturing,21/05/2014,Μαγνησία,N0530
3352640603, Zenifyit,Sole Proprietorship,Agriculture and Food Production,15/03/1990,Δράμα,N0110
1198914962, Zenifyer,Sole Proprietorship,Manufacturing,06/12/2010,Φθιώτιδα,N0840
5106382010, Zen Vital,Sole Proprietorship,Tourism and Hospitality,23/07/1997,Ιωάννινα,N0430
2875668456, Zen Align,Sole Proprietorship,Tourism and Hospitality,28/12/1999,Καστοριά,N0320
1416809849, Zenifyed,Limited Partnership (LP),Automotive,01/09/1995,Κιλκίς,N0230
7287771704, Zen Fusion,Sole Proprietorship,Agriculture and Food Production,12/09/1993,Αρκαδία,N1020
3971732894, Zen Shift,Sole Proprietorship,Consumer Goods and Retail,15/09/2001,Λευκάδα,N0640
1766594732, Zenflare,Limited Liability Company (LLC),Energy,25/05/2013,Ημαθία,N0210
8063647187, Zenifyio,Sole Proprietorship,Technology and Innovation,21/12/1999,Ξάνθη,N0140
8180858820, Zen Spark,Sole Proprietorship,Logistics and Transportation,31/01/2015,Τρίκαλα,N0540
8916558390, Zen Spire,Sole Proprietorship,Technology and Innovation,11/12/2005,Ευρυτανία,N0830
4923164813, Zen Up,Sole Proprietorship,Logistics and Transportation,13/11/1999,Δυτική Αττική,N0940
8949568149, Zen Bright,Private Limited Company (Ltd),Manufacturing,18/11/1990,Ηλεία,N0730
9219325500, Zen Soul,Public Limited Company (PLC),Energy,03/09/2000,Μεσσηνία,N1050
3487910637, Zenicity,Sole Proprietorship,Logistics and Transportation,23/06/1999,Σέρρες,N0260
2423907079, Zen Jump,Sole Proprietorship,Consumer Goods and Retail,10/05/2012,Ιωάννινα,N0430
6879417683, Zen Peak,Private Limited Company (Ltd),Technology and Innovation,08/03/1993,Πειραιάς και νήσοι,N0920
9318496532, Zen Era,Private Limited Company (Ltd),Healthcare,27/01/2004,Αρκαδία,N1020
9120965799, Zen Pulse,Private Limited Company (Ltd),Consumer Goods and Retail,02/11/1994,Ιωάννινα,N0430
3815543051, Zen Vibe,Sole Proprietorship,Healthcare,14/08/1995,Κοζάνη,N0330
6070101026, Zen Loop,General Partnership,Tourism and Hospitality,16/11/2012,Μαγνησία,N0530
8196405010, Zenize,Sole Proprietorship,Agriculture and Food Production,13/10/2000,Ζάκυνθος,N0610
2386652048, Zen Ready,Private Limited Company (Ltd),Healthcare,21/12/2011,Δράμα,N0110
7560022458, Zen Glow,Sole Proprietorship,Consumer Goods and Retail,26/12/2005,Κοζάνη,N0330
7330514381, Zenic,Limited Liability Company (LLC),Logistics and Transportation,08/10/2001,Τρίκαλα,N0540
8314548175, Zenon,Sole Proprietorship,Healthcare,17/05/2004,Χίος,N1130
6865779416, ZenSpark,Limited Liability Company (LLC),Tourism and Hospitality,08/06/1998,Δωδεκάνησα,N1220
2309064653, Zenx,Sole Proprietorship,Tourism and Hospitality,10/03/2000,Κεφαλλονία,N0630
2927841144, ZenUp,Limited Partnership (LP),Agriculture and Food Production,01/11/2001,Κυκλάδες,N1210
9741002680, Zensy,Private Limited Company (Ltd),Tourism and Hospitality,24/05/2013,Αργολίδα,N1010
2048995069, ZenPeak,Sole Proprietorship,Agriculture and Food Production,05/11/1995,Πρέβεζα,N0440
3186061663, Zenner,Sole Proprietorship,Consumer Goods and Retail,05/03/2009,Λασίθιο,N1320
2685680979, ZenWalk,Sole Proprietorship,Logistics and Transportation,30/11/1991,Πέλλα,N0240
5498653591, ZenVibe,Limited Liability Company (LLC),Healthcare,09/12/2015,Αθήνα,N0910
4288137579, Purple Pearl,Sole Proprietorship,Healthcare,11/11/2013,Ζάκυνθος,N0610
9276868930, Solar Flare,Private Limited Company (Ltd),Healthcare,25/10/2006,Αχαΐα,N0720
5357021041, Midnight Sky,Sole Proprietorship,Agriculture and Food Production,24/04/1994,Πιερία,N0250
5934096644, Velvet Mist,Sole Proprietorship,Tourism and Hospitality,02/09/2007,Ιωάννινα,N0430
2981411820, Whispering Wind,Private Limited Company (Ltd),Energy,14/04/2002,Κοζάνη,N0330
7419964465, Mystic Moon,Sole Proprietorship,Tourism and Hospitality,08/09/2013,Πειραιάς και νήσοι,N0920
7998097658, Silver Lining,General Partnership,Tourism and Hospitality,30/03/2012,Θεσσαλονίκη,N0220
3985953318, Crystal Clear,General Partnership,Technology and Innovation,21/03/2012,Θεσπρωτία,N0420
9488025996, Morning Dew,Sole Proprietorship,Agriculture and Food Production,09/04/1992,Κοζάνη,N0330
8010202494, Firefly Glow,General Partnership,Agriculture and Food Production,08/09/2013,Μεσσηνία,N1050
8830062942, Secret Garden,Sole Proprietorship,Consumer Goods and Retail,08/12/2015,Αθήνα,N0910
1992782280, Summer Breeze,Sole Proprietorship,Healthcare,27/03/2008,Ανατολική Αττική,N0930
2532964651, Infinite Joy,General Partnership,Tourism and Hospitality,29/04/1995,Κιλκίς,N0230
9842400110, Serenity Now,Private Limited Company (Ltd),Technology and Innovation,05/05/1995,Λασίθιο,N1320
4821739020, Bright Future,Sole Proprietorship,Healthcare,25/07/1993,Γρεβενά,N0310
3896343232, Golden Horizon,Sole Proprietorship,Consumer Goods and Retail,15/04/1993,Ζάκυνθος,N0610
2543587428, Tranquil Waters,Private Limited Company (Ltd),Logistics and Transportation,05/09/2010,Καστοριά,N0320
5895560762, Enchanted Forest,Sole Proprietorship,Healthcare,13/08/2003,Κεφαλλονία,N0630
7573450277, Dancing Flames,Sole Proprietorship,Automotive,06/06/2013,Τρίκαλα,N0540
8627728790, Radiant Sun,Sole Proprietorship,Manufacturing,03/09/2012,Φθιώτιδα,N0840
9977637178, Rainbow Sky,Private Limited Company (Ltd),Manufacturing,16/05/2007,Κέρκυρα,N0620
7190152670, Ocean Waves,Private Limited Company (Ltd),Automotive,02/06/1993,Ρέθυμνο,N1330
6895489050, Magic Spell,Sole Proprietorship,Healthcare,06/02/2006,Ηράκλειο,N1310
1694913450, Starlight Dream,Sole Proprietorship,Logistics and Transportation,24/07/2008,Δυτική Αττική,N0940
3363493360, Timeless Beauty,Sole Proprietorship,Consumer Goods and Retail,20/01/1990,Λακωνία,N1040
1952815720, Whispering Pines,Sole Proprietorship,Tourism and Hospitality,27/10/2011,Λευκάδα,N0640
9291760848, Celestial Harmony,Sole Proprietorship,Consumer Goods and Retail,29/08/2014,Φθιώτιδα,N0840
5711594033, Dreamer's Haven,Private Limited Company (Ltd),Manufacturing,06/03/2009,Γρεβενά,N0310
2871977711, Cascade Falls,Sole Proprietorship,Automotive,17/07/2014,Μαγνησία,N0530
2582320408, Moonlit Path,General Partnership,Healthcare,03/02/2003,Χίος,N1130
6187962047, Aurora Glow,Private Limited Company (Ltd),Energy,18/03/2009,Ηράκλειο,N1310
6882862603, Essence of Joy,Public Limited Company (PLC),Automotive,20/08/1997,Δυτική Αττική,N0940
2539767288, Twilight Mist,Sole Proprietorship,Tourism and Hospitality,10/01/1996,Κέρκυρα,N0620
8660890845, Hidden Oasis,Sole Proprietorship,Consumer Goods and Retail,14/10/2011,Φθιώτιδα,N0840
7259823826, Moonbeam Glow,Private Limited Company (Ltd),Healthcare,26/06/1992,Θεσπρωτία,N0420
3467729298, Eternal Bliss,Sole Proprietorship,Agriculture and Food Production,15/07/2003,Ιωάννινα,N0430
1932173697, Starry Night,Limited Liability Company (LLC),Healthcare,25/03/2005,Κόρινθος,N1030
3181012498, Mystic River,Sole Proprietorship,Consumer Goods and Retail,20/01/1999,Άρτα,N0410
1729085452, Wildflower Bloom,Sole Proprietorship,Logistics and Transportation,10/07/1991,Κέρκυρα,N0620
8907917084, Sunburst Glow,Sole Proprietorship,Healthcare,05/05/1993,Χανιά,N1340
6880099067, Blissful Retreat,Sole Proprietorship,Agriculture and Food Production,05/11/1995,Κέρκυρα,N0620
7937842040, Forest Haven,Sole Proprietorship,Agriculture and Food Production,04/11/1994,Μεσσηνία,N1050
7202660940, Sunny Days,Sole Proprietorship,Tourism and Hospitality,03/09/2004,Ιωάννινα,N0430
2135279539, Blossom Beauty,Sole Proprietorship,Tourism and Hospitality,07/10/2014,Εύβοια,N0820
6976063125, Sweet Serenity,Private Limited Company (Ltd),Automotive,14/01/2011,Θεσσαλονίκη,N0220
5479653180, Reflections of Love,Private Limited Company (Ltd),Consumer Goods and Retail,19/09/1994,Αιτωλοακαρνανία,N0710
2591640524, Whispering Hearts,Limited Partnership (LP),Energy,28/10/1992,Αργολίδα,N1010
8579899192, Starlit Sky,Limited Liability Company (LLC),Technology and Innovation,28/09/1998,Εύβοια,N0820
8924315476, Sparkling Waters,Private Limited Company (Ltd),Healthcare,25/12/2009,Λέσβος,N1110
1855491955, Silver Springs,Sole Proprietorship,Tourism and Hospitality,22/04/1999,Αργολίδα,N1010
2566585985, Emerald Isle,Sole Proprietorship,Healthcare,31/03/2001,Άρτα,N0410
2488703080, Velvet Dreams,Sole Proprietorship,Consumer Goods and Retail,23/11/2003,Ιωάννινα,N0430
6369009445, Dreamland Retreat,Sole Proprietorship,Technology and Innovation,18/08/2007,Δυτική Αττική,N0940
5204362380, Lavender Fields,General Partnership,Logistics and Transportation,21/03/2012,Κεφαλλονία,N0630
2705389793, Tranquil Oasis,Private Limited Company (Ltd),Consumer Goods and Retail,14/07/2006,Λάρισα,N0520
1385306425, Whispers of Hope,Sole Proprietorship,Automotive,12/06/2004,Σάμος,N1120
9523757336, Moonlit Meadow,Private Limited Company (Ltd),Energy,19/02/2007,Ημαθία,N0210
3394995287, Heavenly Haven,Sole Proprietorship,Agriculture and Food Production,22/08/1994,Αιτωλοακαρνανία,N0710
4004810774, Golden Glow,Private Limited Company (Ltd),Healthcare,21/11/2000,Δυτική Αττική,N0940
2509989010, Serene Haven,Sole Proprietorship,Tourism and Hospitality,04/12/2000,Αρκαδία,N1020
9589147254, Tranquil Cove,Limited Partnership (LP),Automotive,14/06/2013,Καρδίτσα,N0510
7907185678, Blissful Garden,Sole Proprietorship,Technology and Innovation,20/07/2015,Λασίθιο,N1320
3989411215, Sparkling Seas,Sole Proprietorship,Logistics and Transportation,18/02/1996,Φωκίδα,N0850
4435884751, Twilight Cascade,Public Limited Company (PLC),Technology and Innovation,02/04/2011,Πέλλα,N0240
5126467759, Sunlit Grove,General Partnership,Consumer Goods and Retail,30/11/1994,Λευκάδα,N0640
1283035742, Starry Skies,Sole Proprietorship,Manufacturing,18/09/2000,Κέρκυρα,N0620
2981119290, Dreamers' Delight,Limited Liability Company (LLC),Automotive,30/06/2009,Λακωνία,N1040
4427393032, Enchanted Haven,Sole Proprietorship,Consumer Goods and Retail,29/02/2004,Χανιά,N1340
5463564268, Crystal Cove,Sole Proprietorship,Financial Services,17/06/1998,Τρίκαλα,N0540
2901287834, Mystic Haven,Sole Proprietorship,Logistics and Transportation,13/08/2013,Τρίκαλα,N0540
5686006608, Sunflower Haven,Limited Liability Company (LLC),Healthcare,18/04/1990,Κιλκίς,N0230
2561725011, Secret Sanctuary,Sole Proprietorship,Automotive,05/03/2003,Θεσπρωτία,N0420
8416216486, Gentle Waves,Sole Proprietorship,Healthcare,08/09/1999,Δυτική Αττική,N0940
3870638321, Dreamland Oasis,Sole Proprietorship,Agriculture and Food Production,17/07/2010,Χαλκιδική,N0270
6746845935, Golden Sands,Sole Proprietorship,Consumer Goods and Retail,06/07/1992,Κέρκυρα,N0620
3828768705, Whispering Willows,Limited Liability Company (LLC),Manufacturing,20/01/2012,Φθιώτιδα,N0840
4438227952, Hidden Haven,Private Limited Company (Ltd),Energy,13/01/1992,Φθιώτιδα,N0840
8090795032, Sweet Dreams,Sole Proprietorship,Tourism and Hospitality,13/08/1999,Κεφαλλονία,N0630
6698402682, Whispering Dreams,Private Limited Company (Ltd),Logistics and Transportation,23/02/2005,Σέρρες,N0260
4023827180, Starlit Serenade,Private Limited Company (Ltd),Technology and Innovation,05/07/1996,Κυκλάδες,N1210
9567838350, Radiant Glow,General Partnership,Logistics and Transportation,26/01/2011,Αιτωλοακαρνανία,N0710
9235530651, Moonlit Oasis,General Partnership,Healthcare,30/11/1990,Έβρος,N0120
8607922485, Silver Creek,Private Limited Company (Ltd),Financial Services,13/05/2015,Ευρυτανία,N0830
6701529036, Rainbow Reflections,Sole Proprietorship,Tourism and Hospitality,24/05/2001,Μαγνησία,N0530
1366712363, Twilight Haven,General Partnership,Energy,15/09/2007,Λακωνία,N1040
8015363250, Serene Waters,Sole Proprietorship,Agriculture and Food Production,02/03/2003,Θεσπρωτία,N0420
5890157814, Whispering Winds,Sole Proprietorship,Agriculture and Food Production,09/10/1990,Λασίθιο,N1320
5756477070, Daydream Delight,Private Limited Company (Ltd),Financial Services,31/10/2010,Κιλκίς,N0230
7673024596, Secret Paradise,Private Limited Company (Ltd),Logistics and Transportation,25/12/1991,Αργολίδα,N1010
3041741396, Clear Skies,Limited Liability Company (LLC),Financial Services,22/05/2005,Κόρινθος,N1030
8720998010, Moonbeam Oasis,Private Limited Company (Ltd),Agriculture and Food Production,04/07/2010,Αθήνα,N0910
3791750938, Celestial Serenity,Sole Proprietorship,Logistics and Transportation,13/07/1999,Κέρκυρα,N0620
9351792954, Sparkling Skies,Sole Proprietorship,Healthcare,18/05/1990,Κιλκίς,N0230
5638796651, Serene Vista,Private Limited Company (Ltd),Logistics and Transportation,23/06/2000,Κιλκίς,N0230
8002135854, Golden Haven,Private Limited Company (Ltd),Technology and Innovation,30/06/2015,Αθήνα,N0910
8215093496, Sunlit Sanctuary,Sole Proprietorship,Agriculture and Food Production,01/09/2002,Λάρισα,N0520
4277916954, Twilight Dreams,Sole Proprietorship,Tourism and Hospitality,02/05/2011,Έβρος,N0120
8801860898, Whispering Woods,General Partnership,Technology and Innovation,01/01/2012,Ηλεία,N0730
8829411179, Starlit Haven,Sole Proprietorship,Automotive,14/09/1996,Ζάκυνθος,N0610
1992909460,SwiftRiver,Sole Proprietorship,Agriculture and Food Production,09/03/2003,Ηλεία,N0730
1405005441,BrightSunset,Limited Partnership (LP),Technology and Innovation,10/01/2003,Εύβοια,N0820
1183264398,SilverLining,Limited Liability Company (LLC),Automotive,15/09/2015,Αρκαδία,N1020
8652395820,TrueNorth,Sole Proprietorship,Consumer Goods and Retail,17/05/1991,Γρεβενά,N0310
5666613086,StarryNight,Private Limited Company (Ltd),Energy,03/02/2015,Αιτωλοακαρνανία,N0710
1016909511,GoldenDawn,Limited Partnership (LP),Logistics and Transportation,05/05/2007,Πιερία,N0250
8099531091,CrimsonSky,Sole Proprietorship,Logistics and Transportation,05/05/2009,Εύβοια,N0820
5482588670,SecretGarden,Sole Proprietorship,Consumer Goods and Retail,07/06/2012,Θεσσαλονίκη,N0220
5127752668,MysticMoon,Sole Proprietorship,Agriculture and Food Production,09/02/2015,Ημαθία,N0210
3977731578,SilentEcho,Sole Proprietorship,Healthcare,01/10/2010,Ευρυτανία,N0830
1923094260,OceanBreeze,Sole Proprietorship,Healthcare,23/11/1998,Ζάκυνθος,N0610
2857611612,CoolBreeze,Sole Proprietorship,Technology and Innovation,24/07/2011,Ημαθία,N0210
3865367827,PurpleRain,Sole Proprietorship,Consumer Goods and Retail,24/06/2004,Καρδίτσα,N0510
2979128255,IvoryTower,Sole Proprietorship,Agriculture and Food Production,17/08/2003,Αχαΐα,N0720
4978275621,WhiteHorse,Sole Proprietorship,Logistics and Transportation,16/10/2008,Πέλλα,N0240
3991336752,HiddenGem,Sole Proprietorship,Technology and Innovation,29/06/2007,Δράμα,N0110
4801382052,RoyalBlue,Limited Liability Company (LLC),Automotive,04/12/2003,Ρέθυμνο,N1330
7736326068,ScarletRose,Sole Proprietorship,Agriculture and Food Production,12/09/2004,Πιερία,N0250
7635621065,CrystalClear,Sole Proprietorship,Agriculture and Food Production,31/10/1994,Πέλλα,N0240
2077302348,MagicTouch,Sole Proprietorship,Agriculture and Food Production,26/06/2015,Έβρος,N0120
2591623539,NorthernLights,Private Limited Company (Ltd),Tourism and Hospitality,20/08/2013,Λευκάδα,N0640
7102363580,SummerSong,Sole Proprietorship,Healthcare,07/04/2006,Σέρρες,N0260
2157451800,EternalFlame,Sole Proprietorship,Agriculture and Food Production,03/12/1992,Ημαθία,N0210
3140200871,DiamondSky,Sole Proprietorship,Agriculture and Food Production,10/11/2012,Πιερία,N0250
6434968115,EveningStar,Sole Proprietorship,Healthcare,20/11/1992,Φθιώτιδα,N0840
3187495931,AutumnLeaves,Sole Proprietorship,Healthcare,15/03/2014,Θεσσαλονίκη,N0220
3542281960,MountainView,Sole Proprietorship,Automotive,24/02/1997,Άρτα,N0410
7950135400,OceanWave,Sole Proprietorship,Logistics and Transportation,02/08/2014,Δράμα,N0110
9386890803,RiverStone,Public Limited Company (PLC),Manufacturing,19/11/1999,Κόρινθος,N1030
8917615583,VelvetDream,Private Limited Company (Ltd),Technology and Innovation,25/03/2013,Καβάλα,N0130
4009785045,WhisperWind,Sole Proprietorship,Agriculture and Food Production,10/03/2011,Πέλλα,N0240
5394733940,ForestGrove,Sole Proprietorship,Agriculture and Food Production,04/03/1997,Ηλεία,N0730
3823541313,WinterFrost,Sole Proprietorship,Agriculture and Food Production,23/05/2015,Ανατολική Αττική,N0930
8240849995,TwilightZone,Sole Proprietorship,Manufacturing,10/03/2013,Πειραιάς και νήσοι,N0920
8999214390,TropicalSun,Sole Proprietorship,Technology and Innovation,08/02/2012,Αργολίδα,N1010
4018687377,CherryBlossom,Limited Liability Company (LLC),Automotive,24/09/1997,Ηλεία,N0730
4604345251,MidnightSun,Sole Proprietorship,Automotive,05/02/1994,Θεσσαλονίκη,N0220
7906552567,AmberGlow,Sole Proprietorship,Consumer Goods and Retail,09/08/1994,Χαλκιδική,N0270
6909279015,FireFlower,Sole Proprietorship,Consumer Goods and Retail,20/04/1994,Φθιώτιδα,N0840
5955486192,MistyMountain,Sole Proprietorship,Logistics and Transportation,02/11/1991,Άρτα,N0410
2963410702,EnchantedForest,Sole Proprietorship,Agriculture and Food Production,01/07/1994,Ηράκλειο,N1310
1366306535,SilverMoon,Sole Proprietorship,Manufacturing,23/07/1997,Λάρισα,N0520
2847070480,AzureSky,Sole Proprietorship,Automotive,16/02/1998,Ζάκυνθος,N0610
4573286167,WhisperingPine,Private Limited Company (Ltd),Tourism and Hospitality,31/01/2003,Θεσσαλονίκη,N0220
4492471564,RadiantSun,Sole Proprietorship,Consumer Goods and Retail,11/08/1998,Ευρυτανία,N0830
2799851225,SpringBreeze,Limited Liability Company (LLC),Consumer Goods and Retail,25/03/2014,Αθήνα,N0910
5282900838,SummerGlow,Sole Proprietorship,Logistics and Transportation,23/02/2012,Μεσσηνία,N1050
8949030164,RosePetals,Limited Liability Company (LLC),Financial Services,23/01/2007,Δράμα,N0110
3388560781,EmeraldGreen,Sole Proprietorship,Consumer Goods and Retail,08/10/2013,Αθήνα,N0910
3315223908,PrairieWind,Limited Partnership (LP),Technology and Innovation,19/10/1992,Ηράκλειο,N1310
4369177720,EnigmaCode,Sole Proprietorship,Tourism and Hospitality,07/09/1990,Χαλκιδική,N0270
9511933440,Dreamscape,Private Limited Company (Ltd),Manufacturing,10/09/2015,Σέρρες,N0260
7480358133,VintageRose,Sole Proprietorship,Financial Services,15/12/2005,Βοιωτία,N0810
3035976573,SpiritQuest,General Partnership,Financial Services,16/04/1995,Κόρινθος,N1030
3537250393,CosmicDream,Sole Proprietorship,Consumer Goods and Retail,28/05/2012,Κιλκίς,N0230
4016138373,WildWonders,Private Limited Company (Ltd),Logistics and Transportation,11/08/2007,Φωκίδα,N0850
1719191864,StarlitSky,Sole Proprietorship,Consumer Goods and Retail,30/09/1994,Λευκάδα,N0640
7428322583,ThunderClap,Limited Liability Company (LLC),Logistics and Transportation,11/06/2010,Καρδίτσα,N0510
2204166044,StellarAura,Sole Proprietorship,Agriculture and Food Production,06/11/2007,Ζάκυνθος,N0610
3524181200,Rainforest,Private Limited Company (Ltd),Tourism and Hospitality,26/12/2012,Αιτωλοακαρνανία,N0710
8662483690,Thunderbolt,Sole Proprietorship,Consumer Goods and Retail,17/03/2008,Κιλκίς,N0230
7458567962,OceanPearl,Sole Proprietorship,Automotive,09/04/2015,Δράμα,N0110
5566415760,CottonCloud,Private Limited Company (Ltd),Automotive,10/11/2011,Φωκίδα,N0850
4599129597,NorthernStar,Public Limited Company (PLC),Technology and Innovation,05/09/2006,Χίος,N1130
6632336584,PhoenixRising,Sole Proprietorship,Healthcare,14/07/1996,Δράμα,N0110
8033031579,WhisperingWind,Private Limited Company (Ltd),Healthcare,09/05/2008,Έβρος,N0120
5668130030,SolarEclipse,Limited Partnership (LP),Financial Services,27/07/2009,Αθήνα,N0910
2152399184,TurquoiseWave,Sole Proprietorship,Agriculture and Food Production,05/06/1996,Αρκαδία,N1020
1487700293,RusticCharm,Public Limited Company (PLC),Financial Services,16/01/1990,Λέσβος,N1110
4758446311,SereneGrove,Private Limited Company (Ltd),Manufacturing,17/06/2000,Λέσβος,N1110
5647836424,TranquilWaters,General Partnership,Consumer Goods and Retail,30/03/1999,Ηράκλειο,N1310
8614800200,WhisperingWillow,Sole Proprietorship,Consumer Goods and Retail,01/10/1990,Πειραιάς και νήσοι,N0920
5587486592,AmberSunset,Limited Liability Company (LLC),Technology and Innovation,11/09/2011,Καβάλα,N0130
3520207111,MoonlitPath,Limited Liability Company (LLC),Energy,13/01/2015,Κοζάνη,N0330
7335701231,LushGarden,Sole Proprietorship,Tourism and Hospitality,27/05/2005,Λάρισα,N0520
7366342155,CoastalBreeze,Sole Proprietorship,Financial Services,31/03/2007,Θεσπρωτία,N0420
9682987315,SerenitySong,Sole Proprietorship,Consumer Goods and Retail,10/03/1998,Λασίθιο,N1320
9549524404,CloudNine,Public Limited Company (PLC),Logistics and Transportation,02/12/2000,Λευκάδα,N0640
4546393091,MeadowLark,Sole Proprietorship,Technology and Innovation,07/05/2004,Δυτική Αττική,N0940
8058648808,SaltwaterTide,Sole Proprietorship,Consumer Goods and Retail,09/12/1994,Κιλκίς,N0230
5193394889,MountainMeadow,Sole Proprietorship,Consumer Goods and Retail,16/02/2001,Χίος,N1130
4921181995,ParadiseFound,Public Limited Company (PLC),Healthcare,01/04/1990,Αργολίδα,N1010
3455471674,RainbowReef,Sole Proprietorship,Agriculture and Food Production,29/09/2010,Καστοριά,N0320
7051020713,BluebellHill,General Partnership,Logistics and Transportation,27/12/1992,Ιωάννινα,N0430
5563217710,SummerGarden,Sole Proprietorship,Consumer Goods and Retail,15/10/2010,Κέρκυρα,N0620
7960317726,MountainMist,Sole Proprietorship,Tourism and Hospitality,02/08/1999,Ημαθία,N0210
1766041268,PineForest,Sole Proprietorship,Technology and Innovation,03/06/2008,Μαγνησία,N0530
5711113269,AutumnHarvest,Sole Proprietorship,Technology and Innovation,13/12/1999,Γρεβενά,N0310
9484535768,TropicalIsland,Sole Proprietorship,Tourism and Hospitality,24/08/2002,Ημαθία,N0210
1634291695,DesertBloom,Private Limited Company (Ltd),Healthcare,14/08/2006,Κέρκυρα,N0620
8390144964,WhisperingBrook,Sole Proprietorship,Tourism and Hospitality,30/09/1999,Λευκάδα,N0640
1602714400,RadiantFlame,Private Limited Company (Ltd),Healthcare,12/03/2001,Αιτωλοακαρνανία,N0710
2934223355,CedarGrove,Private Limited Company (Ltd),Healthcare,17/06/1991,Πρέβεζα,N0440
3740804283,DaybreakDawn,Sole Proprietorship,Consumer Goods and Retail,23/03/2005,Θεσπρωτία,N0420
7741120328,QuietCove,Private Limited Company (Ltd),Technology and Innovation,23/05/2005,Αχαΐα,N0720
8616854821,EveningTide,Sole Proprietorship,Consumer Goods and Retail,21/01/1995,Λέσβος,N1110
6031171010,ArcticSunset,Sole Proprietorship,Technology and Innovation,09/07/2015,Έβρος,N0120
1207554047,StardustTrail,Private Limited Company (Ltd),Consumer Goods and Retail,02/04/1993,Φωκίδα,N0850
6900453519,Sandcastle,Sole Proprietorship,Agriculture and Food Production,31/12/2002,Μαγνησία,N0530
4638545043,SunsetBeach,Sole Proprietorship,Agriculture and Food Production,20/09/2013,Δράμα,N0110
9175343199,IvoryLace,Sole Proprietorship,Agriculture and Food Production,23/10/2013,Ανατολική Αττική,N0930
2806860554,RubyRed,Sole Proprietorship,Energy,27/07/2007,Θεσσαλονίκη,N0220
9221661350,DiamondPeak,Private Limited Company (Ltd),Manufacturing,19/06/2011,Ιωάννινα,N0430
2607972283,AquaMarine,Sole Proprietorship,Agriculture and Food Production,03/08/2007,Κιλκίς,N0230
6945576540,MountainPeak,Public Limited Company (PLC),Financial Services,09/04/2005,Φθιώτιδα,N0840
4798633356,MysticCove,Sole Proprietorship,Manufacturing,12/07/2010,Έβρος,N0120
5040528987,GardenGate,General Partnership,Financial Services,09/09/2012,Κεφαλλονία,N0630
6928658020,PhoenixFlight,General Partnership,Automotive,31/01/1994,Μαγνησία,N0530
7710860071,WhisperingWoods,Public Limited Company (PLC),Energy,18/06/1991,Σέρρες,N0260
4007342010,StardustTears,Sole Proprietorship,Logistics and Transportation,19/03/1991,Φλώρινα,N0340
2146092644,CrystalDream,Sole Proprietorship,Agriculture and Food Production,23/03/1994,Αθήνα,N0910
8547290457,Starbright,Private Limited Company (Ltd),Automotive,07/05/1997,Τρίκαλα,N0540
5930126739,MoonbeamMagic,Sole Proprietorship,Energy,27/06/1996,Ηράκλειο,N1310
7385308347,CelestialLight,Sole Proprietorship,Agriculture and Food Production,04/11/1997,Κέρκυρα,N0620
3193598705,SunflowerDream,Sole Proprietorship,Consumer Goods and Retail,14/10/2015,Αιτωλοακαρνανία,N0710
9518300779,ScarletSunrise,Sole Proprietorship,Healthcare,30/03/2009,Θεσπρωτία,N0420
6818369849,SilverMist,Sole Proprietorship,Consumer Goods and Retail,14/08/2004,Ευρυτανία,N0830
5204377407,AzureDream,Sole Proprietorship,Consumer Goods and Retail,24/08/2006,Φλώρινα,N0340
5194329945,EmberShadows,Public Limited Company (PLC),Financial Services,23/05/1997,Εύβοια,N0820
7508803440,WhisperingPond,Private Limited Company (Ltd),Agriculture and Food Production,30/12/1998,Ζάκυνθος,N0610
3112765152,SunburstTales,Limited Partnership (LP),Logistics and Transportation,31/12/2012,Λέσβος,N1110
3029827520,StarlightGlow,Sole Proprietorship,Technology and Innovation,26/05/1997,Ζάκυνθος,N0610
6745989640,OceanWhispers,Sole Proprietorship,Logistics and Transportation,15/11/2009,Έβρος,N0120
1863509442,ForestMystic,Private Limited Company (Ltd),Technology and Innovation,08/05/1998,Χανιά,N1340
3861957333,RubyShore,Limited Liability Company (LLC),Manufacturing,25/12/1997,Λασίθιο,N1320
9408039529,MoonlitNights,Sole Proprietorship,Energy,25/06/2011,Ροδόπη,N0150
2463080085,AzureWaters,Limited Liability Company (LLC),Agriculture and Food Production,14/02/1999,Αργολίδα,N1010
5148374672,VelvetWhispers,Limited Liability Company (LLC),Consumer Goods and Retail,10/05/2005,Θεσσαλονίκη,N0220
4857133480,StardustWonders,Limited Liability Company (LLC),Energy,18/01/2000,Καρδίτσα,N0510
1872665824,RiverWhispers,Sole Proprietorship,Agriculture and Food Production,10/09/1996,Χαλκιδική,N0270
1433462785,WhisperingCreek,Private Limited Company (Ltd),Tourism and Hospitality,14/05/1993,Καβάλα,N0130
9131188351,StarlitMeadow,Limited Liability Company (LLC),Healthcare,06/06/2010,Αιτωλοακαρνανία,N0710
3189389016,CelestialNectar,Sole Proprietorship,Automotive,28/07/2000,Αιτωλοακαρνανία,N0710
9191143702,EnchantedRiver,Sole Proprietorship,Tourism and Hospitality,11/05/2004,Θεσπρωτία,N0420
9132352405,SunsetFields,Sole Proprietorship,Agriculture and Food Production,02/01/2001,Μαγνησία,N0530
7868503091,CrystalSummer,Limited Partnership (LP),Manufacturing,12/08/2000,Πειραιάς και νήσοι,N0920
7707486458,VioletSky,Private Limited Company (Ltd),Technology and Innovation,04/11/1995,Αχαΐα,N0720
1199793421,MidnightGlow,Sole Proprietorship,Logistics and Transportation,18/06/1996,Αχαΐα,N0720
4020738517,EmberGaze,Limited Liability Company (LLC),Financial Services,09/04/2001,Λάρισα,N0520
2514742412,TwilightWhisper,Sole Proprietorship,Tourism and Hospitality,31/05/2000,Κέρκυρα,N0620
2456161550,WhisperingValley,Sole Proprietorship,Energy,19/04/2008,Άρτα,N0410
3828290153,StardustRiver,Sole Proprietorship,Consumer Goods and Retail,17/11/1998,Έβρος,N0120
2244157026,ScarletShadows,Sole Proprietorship,Consumer Goods and Retail,04/08/2004,Λακωνία,N1040
8303994187,GoldenSunbeam,Private Limited Company (Ltd),Energy,11/03/1998,Ημαθία,N0210
2224568810,MoonflowerMagic,Limited Liability Company (LLC),Energy,04/01/1993,Πειραιάς και νήσοι,N0920
9578890885,SilverCreek,Sole Proprietorship,Automotive,11/06/1995,Αιτωλοακαρνανία,N0710
2495497239,AutumnMists,Private Limited Company (Ltd),Technology and Innovation,12/08/2011,Θεσσαλονίκη,N0220
1352300703,OceanTales,Limited Liability Company (LLC),Financial Services,28/02/2013,Δωδεκάνησα,N1220
3831399424,VelvetMist,Limited Liability Company (LLC),Healthcare,14/06/2014,Αχαΐα,N0720
8256010820,StardustMeadow,Sole Proprietorship,Manufacturing,17/04/1999,Λέσβος,N1110
2001015521,WhisperingCanopy,Sole Proprietorship,Technology and Innovation,07/07/2012,Έβρος,N0120
6172484718,SunflowerSky,Private Limited Company (Ltd),Tourism and Hospitality,20/07/2009,Κοζάνη,N0330
7164308727,CelestialVoyage,Sole Proprietorship,Consumer Goods and Retail,07/03/2008,Κεφαλλονία,N0630
5492270002,EnchantedStream,Sole Proprietorship,Agriculture and Food Production,05/05/2003,Αιτωλοακαρνανία,N0710
7102900882,EmberDream,Sole Proprietorship,Agriculture and Food Production,25/04/2011,Καρδίτσα,N0510
3387286746,TwilightMist,Sole Proprietorship,Agriculture and Food Production,25/07/1991,Θεσσαλονίκη,N0220
1568273300,WhisperingTimbers,Limited Partnership (LP),Financial Services,19/02/1999,Κέρκυρα,N0620
1717564672,StarlitCove,Sole Proprietorship,Tourism and Hospitality,17/05/1994,Μεσσηνία,N1050
9722454161,CrystalGarden,Sole Proprietorship,Consumer Goods and Retail,15/07/1990,Λέσβος,N1110
1984050732,MidasTouch,Sole Proprietorship,Logistics and Transportation,03/07/2008,Ευρυτανία,N0830
3308168867,WhisperingGlade,Sole Proprietorship,Consumer Goods and Retail,29/09/2014,Ηλεία,N0730
4735894912,SunflowerDreams,Sole Proprietorship,Logistics and Transportation,22/09/2013,Κόρινθος,N1030
3299116500,CelestialHarbor,Sole Proprietorship,Agriculture and Food Production,17/07/2007,Κεφαλλονία,N0630
4068431076,EnchantedVoyage,Sole Proprietorship,Agriculture and Food Production,24/11/2007,Κοζάνη,N0330
9955996974,EmberGardens,Private Limited Company (Ltd),Energy,27/01/1999,Ρέθυμνο,N1330
1621229447,TwilightCascade,Limited Liability Company (LLC),Financial Services,26/11/1990,Έβρος,N0120
7183778882,WhisperingVista,Sole Proprietorship,Healthcare,12/11/2001,Τρίκαλα,N0540
7105761772,StarlitBreeze,Limited Liability Company (LLC),Agriculture and Food Production,18/06/2006,Πιερία,N0250
3687056317,CrystalOasis,Sole Proprietorship,Financial Services,18/03/2006,Ηράκλειο,N1310
8673493561,GoldenHorizon,Private Limited Company (Ltd),Automotive,21/03/2004,Πιερία,N0250
5651814829,WhisperingHeights,Private Limited Company (Ltd),Logistics and Transportation,11/08/2002,Λακωνία,N1040
9011488103,SunflowerWaves,Sole Proprietorship,Tourism and Hospitality,29/09/1998,Πειραιάς και νήσοι,N0920
3489211998,CelestialJourney,Private Limited Company (Ltd),Healthcare,21/02/2005,Αχαΐα,N0720
2566381417,EnchantedGlade,Sole Proprietorship,Consumer Goods and Retail,07/12/1998,Πέλλα,N0240
2742637606,EmberPond,Sole Proprietorship,Agriculture and Food Production,21/06/2002,Κιλκίς,N0230
1069248951,TwilightEnchantment,Sole Proprietorship,Consumer Goods and Retail,16/10/1998,Κεφαλλονία,N0630
2915993852,WhisperingGrove,Private Limited Company (Ltd),Consumer Goods and Retail,24/12/1991,Ξάνθη,N0140
9040986159,StarlitRidge,Private Limited Company (Ltd),Automotive,07/03/2014,Τρίκαλα,N0540
5006659420,CrystalHaven,Sole Proprietorship,Logistics and Transportation,08/12/2000,Εύβοια,N0820
7148456014,RubyCreek,Limited Liability Company (LLC),Energy,22/02/2009,Πέλλα,N0240
5072811824,MoonstonePond,Private Limited Company (Ltd),Energy,25/09/2009,Άρτα,N0410
4150439244,AzureShores,Limited Liability Company (LLC),Consumer Goods and Retail,09/09/2012,Κόρινθος,N1030
6334910569,SeraphimWonders,Sole Proprietorship,Agriculture and Food Production,06/01/2005,Φθιώτιδα,N0840
4500305355,JuniperBreeze,Sole Proprietorship,Technology and Innovation,03/07/2011,Ημαθία,N0210
5136445854,WhisperingMist,Private Limited Company (Ltd),Automotive,04/03/2007,Αρκαδία,N1020
8728964119,StellaMaris,Sole Proprietorship,Healthcare,12/11/2001,Αχαΐα,N0720
5122609342,SunRayGlow,Sole Proprietorship,Logistics and Transportation,25/05/2012,Πειραιάς και νήσοι,N0920
6109364217,NautilusDream,Sole Proprietorship,Consumer Goods and Retail,09/09/2001,Πέλλα,N0240
7731692936,CoralRose,Private Limited Company (Ltd),Consumer Goods and Retail,10/08/2002,Λάρισα,N0520
1666218360,RedwoodGlade,Sole Proprietorship,Financial Services,24/01/1994,Μεσσηνία,N1050
1911398095,CayenneSpice,Sole Proprietorship,Healthcare,08/02/2003,Κόρινθος,N1030
4791648658,SeafoamCrest,Sole Proprietorship,Tourism and Hospitality,04/01/2014,Δράμα,N0110
9702307647,SolsticeSky,Sole Proprietorship,Tourism and Hospitality,17/01/2012,Αρκαδία,N1020
6115710500,Willowbrook,Sole Proprietorship,Tourism and Hospitality,05/10/2009,Δράμα,N0110
3668271415,FrostburgFalls,Sole Proprietorship,Energy,02/04/1991,Αθήνα,N0910
6907438062,IvoryJewel,Private Limited Company (Ltd),Manufacturing,21/07/1991,Χαλκιδική,N0270
3198145138,QuartzStream,Sole Proprietorship,Financial Services,25/07/1998,Ρέθυμνο,N1330
9114132821,LacewingLily,Sole Proprietorship,Agriculture and Food Production,29/08/2008,Κυκλάδες,N1210
3681084544,MoonshadowGrove,Sole Proprietorship,Agriculture and Food Production,22/03/1993,Ροδόπη,N0150
7003390812,SerenityZen,Sole Proprietorship,Manufacturing,08/08/2006,Πρέβεζα,N0440
4562152057,GoldenChalice,Sole Proprietorship,Agriculture and Food Production,29/03/1992,Έβρος,N0120
5888767530,ApricotDream,Private Limited Company (Ltd),Energy,11/08/1997,Χανιά,N1340
7892388845,MoonlightGarden,Private Limited Company (Ltd),Automotive,03/02/1998,Ημαθία,N0210
5899233132,Gentlebreeze,Sole Proprietorship,Consumer Goods and Retail,09/03/1994,Καβάλα,N0130
7100566189,Aurorabliss,Private Limited Company (Ltd),Financial Services,27/03/2013,Κόρινθος,N1030
1285571175,CordialLily,General Partnership,Financial Services,12/08/2013,Φθιώτιδα,N0840
6701054271,OpalDawn,Limited Partnership (LP),Consumer Goods and Retail,06/08/1997,Φθιώτιδα,N0840
6109599688,LilyPearl,Public Limited Company (PLC),Agriculture and Food Production,06/04/2011,Ξάνθη,N0140
8177559851,VelvetLush,Sole Proprietorship,Financial Services,05/10/2006,Λέσβος,N1110
5588191303,MeadowSoft,Sole Proprietorship,Healthcare,06/03/2009,Έβρος,N0120
9449472513,ZephyrWhisper,Private Limited Company (Ltd),Agriculture and Food Production,16/11/1993,Χαλκιδική,N0270
8300771067,EtherealMist,Limited Liability Company (LLC),Healthcare,05/08/1996,Φωκίδα,N0850
1359769516,AmethystSky,Sole Proprietorship,Healthcare,04/08/1993,Αθήνα,N0910
4922963672,PuebloGrove,Sole Proprietorship,Agriculture and Food Production,02/01/1990,Φλώρινα,N0340
5533548660,SeraphicDawn,Limited Liability Company (LLC),Manufacturing,28/01/2003,Αχαΐα,N0720
8301881196,MoonrayLily,Limited Liability Company (LLC),Manufacturing,16/09/2015,Γρεβενά,N0310
2133260191,SunflarePeak,Sole Proprietorship,Financial Services,21/07/2002,Λευκάδα,N0640
9817876867,LuminousGrove,Sole Proprietorship,Consumer Goods and Retail,01/12/2003,Καρδίτσα,N0510
8737265592,CozyCanyon,Private Limited Company (Ltd),Manufacturing,03/11/2008,Κέρκυρα,N0620
4884471984,HalfmoonValley,Sole Proprietorship,Tourism and Hospitality,23/03/2011,Άρτα,N0410
5439003033,EvergreenMist,General Partnership,Automotive,21/05/2003,Λασίθιο,N1320
