CommunityID,CommunityCount,Type,Id,Name,Centrality    
19,1,TIN,3198145138,Virtual Services Corporation 5,12
19,2,TIN,2377041048,"Open Networks Unlimited, Inc 9",6
19,3,TIN,3828768705,Key Byte Group 5,6
19,4,TIN,9945477829,Cyber Innovation Corp 4,6
19,5,TIN,818085882,Expert Integrity Technologies 10,6
19,6,TIN,2532964651,Proffessional Networking Studios 7,6
19,7,TIN,9915435354,External Technologies Design 3,6
19,8,TIN,8575591766,Cyber Security 5,6
19,9,TIN,5994220815,Indicative Opportunities Vision 10,6
19,10,TIN,4430808077,Canadian Community Group 4,2
19,11,TIN,8353082211,Technical Networks Technologies 4,2
19,12,TIN,2313446823,Quantum Wireless,2
19,13,TIN,3187495931,Executive Unified Technologies 9,2
19,14,TIN,797267576,Administrative Innovation 6,2
19,15,TIN,3652627578,Future Solutions LLC 3,2
19,16,TIN,8252221406,Certified Integrity Technologies 3,2
19,17,TIN,7151463598,Future Solutions LLC 6,0
19,18,TIN,8662483690,TST Consultancy,0
19,19,TIN,1199793421,demouser1,0
19,20,TIN,2386692390,Administrative Concierge 10,0
19,21,TIN,630700429,Continential Data Corporation 9,0
19,22,TIN,3224364660,Open Unified Studios 9,0
19,23,TIN,6109599688,Expert Integrity Technologies 6,0
19,24,TIN,5106382010,Expert Telecom 10,0
22,1,TIN,2994845018,Corporate Data Advertising 2,12
22,2,TIN,2871977711,American Software 4,12
22,3,TIN,815235403,Talro Trading,12
22,4,TIN,6649902295,Key Digital Concierge 10,12
22,5,TIN,2386652048,Expert Interactive Resources 9,11
22,6,TIN,7905520242,Indicative Community Resources 6,11
22,7,TIN,8390144964,Enigma Wireless Design 6,6
22,8,TIN,5566415760,Corporate Opportunities Ltd 6,6
22,9,TIN,8240849995,Expert Security Telecom 6,6
22,10,TIN,2330255865,External Media Corp 6,6
22,11,TIN,6690924828,North American Automation Concierge 5,6
22,12,TIN,7398346114,Canadian Media Design 9,6
22,13,TIN,9221661350,Graphic Outsourcing Studios 3,6
22,14,TIN,8010202494,Continential Wireless Worldwide 6,6
22,15,TIN,3634428125,Global Inc 8,4
22,16,TIN,4758446311,North American Interworks Studios 9,3
22,17,TIN,2455605070,Advanced Byte Firm 7,3
22,18,TIN,6507958614,Quantum Interworks Advertising 8,2
22,19,TIN,4801382052,Profit Computer Concierge 9,2
22,20,TIN,9400221594,Cyber Innovation Corp 7,2
22,21,TIN,197009543,Continential Wireless Worldwide 8,2
22,22,TIN,388320433,Expert Trade Design 7,2
22,23,TIN,1932173697,Silicon Experts Technologies 2,2
22,24,TIN,5883329561,Technical PC Studios 8,2
22,25,TIN,9441028233,Quantum Server Universal,2
22,26,TIN,7710860071,Automation Design 2,2
22,27,TIN,3029827520,Ironclad Client Group 6,2
22,28,TIN,8005663672,Administrative Trade Telecom 7,2
22,29,TIN,7852589996,External Technologies Design 5,2
22,30,TIN,8779068120,Key Wireless Corp,2
22,31,TIN,9914099222,Administrative Innovation 5,0
22,32,TIN,3028012851,Proffessional Technology 2,0
22,33,TIN,9417907554,North American Automation Concierge 10,0
22,34,TIN,581714862,Cyber Innovation Corp 9,0
22,35,TIN,6137599875,Expert Security Telecom 2,0
22,36,TIN,674598964,North American Interworks Studios 2,0
22,37,TIN,3982244382,Certified Integrity Technologies 6,0
22,38,TIN,6959395583,Certified Paradigm Concierge 2,0
22,39,TIN,1849121586,Quantum Interworks Advertising 4,0
21,1,TIN,2081094397,Ironclad Software Concierge 10,30
21,2,TIN,1025593026,North American Interworks Studios,12
21,3,TIN,4060909826,Canadian Outsourcing 2,10
21,4,TIN,4886210621,Agility Outsourcing Studios 9,10
21,5,TIN,4800218220,Network Server Studios,6
21,6,TIN,6577904241,North American Trade Group 6,6
21,7,TIN,8916558390,Proffessional Wireless Advertising 5,6
21,8,TIN,369330013,Expert Trade Design 4,6
21,9,TIN,4821739020,Internet Community Group 10,6
21,10,TIN,9405142220,Ironclad Client Group 9,4
21,11,TIN,2204166044,External Solutions LLC 4,2
21,12,TIN,3487676790,Micro Production 8,2
21,13,TIN,6907438062,Global Inc 5,2
21,14,TIN,7644290102,Canadian Media Design 10,2
21,15,TIN,9386890803,Profit Computer Concierge 10,2
21,16,TIN,5934096644,Integrity 7,2
21,17,TIN,6885982819,Expert Security Telecom 7,2
21,18,TIN,2799851225,Proffessional Security Group 4,0
21,19,TIN,3455471674,Graphic Outsourcing Studios 9,0
21,20,TIN,861480020,Technical Paradigm Technologies 9,0
21,21,TIN,58713591,Internet Paradigm Concierge 3,0
21,22,TIN,5765720475,Silicon Corp 5,0
21,23,TIN,2210930032,Agility PC Advertising 8,0
21,24,TIN,8301881196,Proffessional Technology 5,0
21,25,TIN,5953020128,Technical Networks Technologies 9,0
6,1,TIN,2671987832,Quantum Wireless 9,23
6,2,TIN,3973520940,Certified Security 2,18
6,3,TIN,2934223355,Administrative Automation Inc 10,18
6,4,TIN,8215093496,Quantum Integrity LLC 6,12
6,5,TIN,6925187139,Agility PC Advertising 6,12
6,6,TIN,1766594732,Advanced Byte Inc 6,10.67
6,7,TIN,9589147254,Silicon Opportunities LLC 5,10
6,8,TIN,2591640524,Key Byte Group 7,10
6,9,TIN,6779571159,Silicon Experts Technologies,8.67
6,10,TIN,2685680979,Administrative Paradigm Universal 8,7
6,11,TIN,7751355833,Visual Interworks Design 2,7
6,12,TIN,8728964119,Internet Paradigm Concierge 5,6
6,13,TIN,179933136,Administrative Trade Telecom 4,6
6,14,TIN,5511422359,Technical Networks Technologies 3,6
6,15,TIN,6352544012,"External Client Unlimited, Inc 8",6
6,16,TIN,2463080085,Silicon Opportunities LLC 8,4
6,17,TIN,2566585985,Cyber Security 9,4
6,18,TIN,3740804283,"Micro Client Unlimited, Inc 9",3
6,19,TIN,3542281960,Internet Community Group 9,2.67
6,20,TIN,2705389793,Ironclad Client Group 10,2
6,21,TIN,9342466543,Automation Design 3,2
6,22,TIN,5638796651,Visual Automation,2
6,23,TIN,6529300619,Internal Unified Technologies 5,2
6,24,TIN,5756477070,Virtual Services Corporation 9,2
6,25,TIN,3775172801,Expert Trade Design 6,2
6,26,TIN,3181012498,Canadian Consulting Design 3,2
6,27,TIN,4018687377,Enigma Wireless Design 9,2
6,28,TIN,7422224636,Red Hat Computer Resources 7,2
6,29,TIN,1416809849,Executive Unified Technologies 8,2
6,30,TIN,9352898330,Reliable Services Advertising 5,2
6,31,TIN,8056699401,Canadian Consulting Design 8,0
6,32,TIN,6346391500,Cyber Innovation Corp 6,0
6,33,TIN,3022684219,Technical Computer Ltd 9,0
6,34,TIN,4076218475,Continential Data Corporation,0
6,35,TIN,9847119581,Key Wireless Corp 3,0
6,36,TIN,1780855274,Silicon Corp 8,0
6,37,TIN,4780553538,Visual Automation 6,0
6,38,TIN,6701054271,External Media Corp 5,0
6,39,TIN,2444586117,Agility Outsourcing Studios 3,0
6,40,TIN,1487700293,Expert Telecom 7,0
6,41,TIN,682709699,"External Client Unlimited, Inc 7",0
6,42,TIN,2673094904,Technical Paradigm Technologies 4,0
6,43,TIN,8968268655,Advanced Byte Inc 4,0
2,1,TIN,4214183550,Expert Integrity Technologies,20
2,2,TIN,1735824620,Certified Paradigm Concierge 9,20
2,3,TIN,5587486592,Profit Computer Concierge 5,12
2,4,TIN,7731692936,External Technologies Design 8,12
2,5,TIN,518862227,Administrative Automation Inc 6,12
2,6,TIN,9657837798,"Profit Interactive Unlimited, Inc 4",12
2,7,TIN,6895489050,Expert Security Telecom 5,12
2,8,TIN,9817876867,Indicative Community Resources 3,12
2,9,TIN,2006857412,Cyber Paradigm Design 5,12
2,10,TIN,984240011,Automation Design 4,6
2,11,TIN,6052550032,Agility Outsourcing Studios 5,6
2,12,TIN,4424613580,"Continential Automation Unlimited, Inc 2",6
2,13,TIN,4174455539,Silicon Experts Technologies 7,6
2,14,TIN,4411508876,North American Automation Corp 10,6
2,15,TIN,8720431447,Internet Community Group 5,6
2,16,TIN,2979128255,Future Solutions LLC 5,6
2,17,TIN,1204905808,Network Server Studios 4,6
2,18,TIN,4144146297,Certified Security,6
2,19,TIN,2753544847,Certified Integrity Technologies 2,6
2,20,TIN,7183778882,Key Byte Group 10,2
2,21,TIN,3030324018,Continential Software Technologies 7,2
2,22,TIN,740802388,Internal Unified Technologies 8,2
2,23,TIN,5687768916,Silicon Opportunities LLC 9,2
2,24,TIN,7636191866,Omega Trading Company,2
2,25,TIN,6928658020,External Technologies Design,2
2,26,TIN,2543587428,Profit Server Concierge,2
2,27,TIN,8353655096,Cyber Paradigm Design 9,2
2,28,TIN,284707048,Global Solutions Studios 7,2
2,29,TIN,4500848147,"Continential Automation Unlimited, Inc",2
2,30,TIN,7442337379,Canadian Media Design 2,2
2,31,TIN,4846671032,Administrative Innovation 2,2
2,32,TIN,2607972283,Enigma Wireless Design 3,2
2,33,TIN,7091047208,Profit Production Concierge 9,2
2,34,TIN,6981756676,Moving Business 10,2
2,35,TIN,2901287834,Expert Trade Design 8,0
2,36,TIN,7144500593,Cyber Integrity Universal 3,0
2,37,TIN,8256010820,Proffessional Security Group 9,0
2,38,TIN,5075093848,Key Digital Concierge 6,0
2,39,TIN,9644430397,Expert Integrity Technologies 3,0
2,40,TIN,8737265592,Open Unified Studios 4,0
2,41,TIN,485713348,Administrative Paradigm Universal 3,0
2,42,TIN,1352300703,Expert Interactive Resources 8,0
2,43,TIN,9955996974,Proffessional Wireless Advertising 3,0
2,44,TIN,4438227952,Micro Interactive Resources 10,0
10,1,TIN,283277987,Cyber Paradigm Design 3,37
10,2,TIN,202152621,North American Trade Group,28
10,3,TIN,3861957333,Technical Networks Technologies 2,24
10,4,TIN,9682987315,Silicon Opportunities LLC 3,20
10,5,TIN,203450264,Visual Interworks Design,19
10,6,TIN,2152399184,Micro Production 4,18
10,7,TIN,7384423338,Canadian Media Design 6,17
10,8,TIN,556321771,"Profit Interactive Unlimited, Inc 7",12
10,9,TIN,920353466,Red Hat Computer Resources 3,11
10,10,TIN,6993201483,Global Solutions Studios 2,10
10,11,TIN,5861163015,North American Automation Concierge,9.67
10,12,TIN,1872665824,Network Cluster 5,8.67
10,13,TIN,3140200871,Expert Telecom 4,6
10,14,TIN,9807672405,Key Wireless Corp 7,6
10,15,TIN,3865367827,Key Byte Group 4,6
10,16,TIN,7670415549,Internet Computer Vision 4,6
10,17,TIN,7712104086,Technical PC Studios 2,6
10,18,TIN,2146092644,Micro Production 2,6
10,19,TIN,9009632139,Canadian Media Design 3,6
10,20,TIN,372264361,North American Automation Concierge 9,6
10,21,TIN,66475746,External Solutions LLC 3,5
10,22,TIN,4421322163,North American Automation Corp 7,5
10,23,TIN,118301370,Agility PC Advertising 3,5
10,24,TIN,2005194278,"Continential Automation Unlimited, Inc 9",5
10,25,TIN,2512902385,Continential Software Technologies 4,2
10,26,TIN,2875668456,Proffessional Security Group 2,2
10,27,TIN,4258607873,Indicative Community Technologies 9,2
10,28,TIN,5828496653,Canadian Outsourcing 6,2
10,29,TIN,6334910569,Future Solutions LLC 4,2
10,30,TIN,5246766035,"American Paradigm Unlimited, Inc 4",2
10,31,TIN,8957772298,Ironclad Client Group 3,2
10,32,TIN,6438034157,Global Solutions Studios 3,1
10,33,TIN,9598627474,Silicon Innovation LLC 6,1
10,34,TIN,7395804409,Canadian Media Design,1
10,35,TIN,4298118912,American Software 5,1
10,36,TIN,9993104119,Graphic Client Concierge 10,1
10,37,TIN,1433462785,Profit Computer Concierge 7,1
10,38,TIN,2927841144,Expert Telecom 3,1
10,39,TIN,5895560762,Enigma Securities Group 8,1
10,40,TIN,9483038935,Administrative Concierge 6,1
10,41,TIN,8972952677,"American Paradigm Unlimited, Inc 8",0.67
10,42,TIN,7998097658,Profit Production Concierge 6,0
10,43,TIN,6655310561,Internal Computer Telecom 5,0
10,44,TIN,2941638290,Indicative Community Resources 2,0
10,45,TIN,929868531,Network Server Studios 10,0
10,46,TIN,3308168867,"Micro Client Unlimited, Inc 7",0
10,47,TIN,6793012915,Silicon Corp 2,0
10,48,TIN,257435657,Key Software 3,0
17,1,TIN,9276868930,Quantum Wireless 7,20
17,2,TIN,97488889,Quantum Interworks Advertising 6,12
17,3,TIN,1694913450,Proffessional Technology 7,11
17,4,TIN,7656774841,Continential Wireless Worldwide 4,11
17,5,TIN,6945576540,North American Automation Concierge 7,6
17,6,TIN,1016909511,Quantum Integrity LLC 8,6
17,7,TIN,1621229447,Future Solutions LLC 10,6
17,8,TIN,769158539,"External Client Unlimited, Inc 4",6
17,9,TIN,7003390812,Profit Server Concierge 3,6
17,10,TIN,5439003033,North American Trade Group 10,6
17,11,TIN,8830062942,Visual Interworks Design 9,6
17,12,TIN,9891278881,Internet Paradigm Concierge 6,6
17,13,TIN,7621927979,Quantum Wireless 8,6
17,14,TIN,199290946,Executive Unified Technologies,6
17,15,TIN,2456161550,American Software 9,5
17,16,TIN,1911398095,Profit Computer Concierge 8,2
17,17,TIN,8616854821,Advanced Byte Inc 5,2
17,18,TIN,350531775,Internet Paradigm Concierge,2
17,19,TIN,704735336,Administrative Trade Telecom 3,2
17,20,TIN,793784204,Network Cluster 7,2
17,21,TIN,2910762580,Certified Paradigm Concierge 4,2
17,22,TIN,6021681520,Enigma Wireless Design,2
17,23,TIN,480731217,Canadian Community Group 3,2
17,24,TIN,1703445142,Corporate Data Advertising 5,1
17,25,TIN,3668271415,Micro Production 7,0
17,26,TIN,9291760848,Graphic Server Universal 10,0
17,27,TIN,7030172744,Taleb Trading,0
17,28,TIN,8687709269,demouser2,0
17,29,TIN,3488159570,Visual Automation 10,0
17,30,TIN,8993470727,Indicative Opportunities Vision 7,0
17,31,TIN,2135279539,Expert Trade Design 10,0
17,32,TIN,7791591251,Expert Interactive Resources 3,0
20,1,TIN,4435884751,External Technologies Design 2,30
20,2,TIN,1087359393,Technical Networks Technologies 5,20
20,3,TIN,6652977218,Silicon Innovation LLC 8,18
20,4,TIN,1411663443,Advanced Byte Firm 10,12
20,5,TIN,8917615583,Automation Design,12
20,6,TIN,6915903205,Quantum Interworks Advertising 2,10
20,7,TIN,588876753,Profit Production Concierge 7,10
20,8,TIN,6698402682,Moving Business 7,6
20,9,TIN,872099801,Certified Paradigm Concierge 6,6
20,10,TIN,8234297899,Canadian Outsourcing 7,6
20,11,TIN,8033031579,Visual Interworks Design 5,6
20,12,TIN,4139898478,Certified Integrity Technologies 9,6
20,13,TIN,2612579710,Advanced Byte Inc 9,6
20,14,TIN,2026631170,Moving Business 3,6
20,15,TIN,7206327350,Technical PC Studios 9,4
20,16,TIN,6355567009,"Profit Interactive Unlimited, Inc",4
20,17,TIN,15682733,Administrative Concierge 8,2
20,18,TIN,7148456014,Quantum Interworks Advertising 9,2
20,19,TIN,7275679651,Red Hat Computer Resources 4,2
20,20,TIN,6376197781,Expert Telecom 8,2
20,21,TIN,8924315476,Moving Business 5,2
20,22,TIN,5602654640,Expert Trade Design 5,2
20,23,TIN,6951511115,Quantum Integrity LLC 4,2
20,24,TIN,3520207111,Administrative Paradigm Universal,2
20,25,TIN,9523757336,Advanced Byte Firm,2
20,26,TIN,6880099067,"American Paradigm Unlimited, Inc 9",2
20,27,TIN,5122609342,Indicative Community Technologies 4,2
20,28,TIN,5853700076,North American Trade Group 8,2
20,29,TIN,4708140222,American Software 2,2
20,30,TIN,750791970,Proffessional Technology 8,2
20,31,TIN,6299131946,Cyber Integrity Universal 2,2
20,32,TIN,8177559851,Graphic Outsourcing Studios 6,0
20,33,TIN,6940570365,"Micro Client Unlimited, Inc 10",0
20,34,TIN,7674226591,Key Digital Concierge 3,0
20,35,TIN,6593243113,Certified Security 7,0
20,36,TIN,3783854659,SGG Industries,0
20,37,TIN,9566545762,Open Unified Studios 2,0
20,38,TIN,9449472513,Expert Interactive Resources 4,0
20,39,TIN,9549524404,Key Byte Group,0
20,40,TIN,1136205751,Continential Software Technologies 6,0
20,41,TIN,6899402643,Cyber Paradigm Design 6,0
20,42,TIN,5952044411,Network Server Studios 7,0
20,43,TIN,600445114,Proffessional Security Group,0
1,1,TIN,8090795032,Enigma Securities Group 10,20
1,2,TIN,611571050,Internet Computer Vision 10,18
1,3,TIN,3287590997,American Software 3,18
1,4,TIN,7190152670,Graphic Client Concierge 4,12
1,5,TIN,4080609860,Mina9,12
1,6,TIN,316883573,Visual Interworks Design 6,12
1,7,TIN,6882862603,Expert Security Telecom 4,12
1,8,TIN,5869063483,Technical Paradigm Technologies 6,12
1,9,TIN,5963233333,Agility PC Advertising 9,12
1,10,TIN,1810634394,Enigma Securities Group 6,12
1,11,TIN,2691956262,Cyber Innovation Corp,10
1,12,TIN,4562152057,Certified Paradigm Concierge 10,10
1,13,TIN,1729085452,demouser,6
1,14,TIN,5208854621,Virtual Services Corporation 3,6
1,15,TIN,3919975448,Internal Unified Technologies 7,6
1,16,TIN,4921181995,Virtual Services Corporation 4,6
1,17,TIN,9207292795,Internet Community Group 8,6
1,18,TIN,9318496532,Continential Wireless Worldwide 3,6
1,19,TIN,5204362380,Graphic Client Concierge 9,6
1,20,TIN,5319481439,Proffessional Technology 9,6
1,21,TIN,3112765152,Internet Paradigm Concierge 4,6
1,22,TIN,8070203169,Enigma Wireless Design 10,6
1,23,TIN,3187579103,Continential Data Corporation 6,6
1,24,TIN,8547290457,Internet Computer Vision 2,6
1,25,TIN,215745180,Global Solutions Studios 6,6
1,26,TIN,6111683034,Continential Data Corporation 4,6
1,27,TIN,4015864756,Network Server Studios 6,4
1,28,TIN,9244014030,Indicative Community Resources 5,4
1,29,TIN,974100268,American Software 7,2
1,30,TIN,8949030164,North American Interworks Studios 6,2
1,31,TIN,3070635210,Visual Interworks Design 3,2
1,32,TIN,5711594033,Quantum Integrity LLC 7,2
1,33,TIN,1863509442,Administrative Trade Telecom 9,2
1,34,TIN,907358748,Micro Interactive Resources 7,2
1,35,TIN,6222741361,Key Digital Concierge 4,2
1,36,TIN,5451728975,Agility Outsourcing Studios 8,2
1,37,TIN,3387286746,Key Software 6,2
1,38,TIN,3723133690,Silicon Experts Technologies 10,2
1,39,TIN,1455851577,"American Paradigm Unlimited, Inc 2",2
1,40,TIN,3240594467,Network Cluster,2
1,41,TIN,6818369849,Indicative Community Technologies 6,2
1,42,TIN,6477534069,Certified Paradigm Concierge 5,2
1,43,TIN,3352640603,"Open Networks Unlimited, Inc 3",2
1,44,TIN,3796014067,Network Cluster 3,2
1,45,TIN,2927031778,JKS Research,2
1,46,TIN,4664007734,Technical Concepts Studios,2
1,47,TIN,225754259,Canadian Outsourcing 8,2
1,48,TIN,824821661,Advanced Byte Inc 8,2
1,49,TIN,7100566189,Open Unified Studios 3,2
1,50,TIN,6785441158,Future Solutions LLC 7,2
1,51,TIN,5668130030,Micro Interactive Resources,2
1,52,TIN,9518300779,Continential Data Corporation 8,2
1,53,TIN,8788269478,Virtual Services Corporation 10,0
1,54,TIN,2288831585,Technical Concepts Studios 8,0
1,55,TIN,8303994187,Certified Paradigm Concierge 7,0
1,56,TIN,7923239923,Micro Production 5,0
1,57,TIN,5899233132,External Media Corp 10,0
1,58,TIN,3238974983,"Micro Client Unlimited, Inc 4",0
1,59,TIN,3993049792,Administrative Innovation 8,0
1,60,TIN,4817433481,Enigma Wireless Design 7,0
1,61,TIN,7475454150,Internal Computer Telecom 6,0
4,1,TIN,9063890305,Future Solutions LLC 9,29
4,2,TIN,6070101026,Advanced Byte Inc,12
4,3,TIN,7682734967,Certified Security 3,12
4,4,TIN,1298378264,Key Byte Group 6,12
4,5,TIN,9243408027,Expert Telecom 5,12
4,6,TIN,3520209418,Indicative Opportunities Vision 8,12
4,7,TIN,2244157026,Silicon Innovation LLC 2,12
4,8,TIN,5148374672,Canadian Community Group 8,12
4,9,TIN,9433060545,North American Automation Corp 6,12
4,10,TIN,2620711188,Technical Concepts Studios 5,12
4,11,TIN,7673024596,Visual Automation 4,12
4,12,TIN,9265827413,Silicon Innovation LLC,11
4,13,TIN,7105761772,Corporate Data Advertising 8,10
4,14,TIN,7868503091,Indicative Community Resources 8,9
4,15,TIN,4369177720,"Profit Interactive Unlimited, Inc 3",6
4,16,TIN,9977637178,Silicon Experts Technologies 4,6
4,17,TIN,8300771067,Quantum Server Universal 10,6
4,18,TIN,2606559611,Cyber Security 7,6
4,19,TIN,4997713523,"Open Networks Unlimited, Inc 5",6
4,20,TIN,1173583648,North American Interworks Studios 3,6
4,21,TIN,2623303457,Cyber Integrity Universal 9,3
4,22,TIN,1885321843,Proffessional Networking Studios 9,2
4,23,TIN,1855491955,Graphic Outsourcing Studios 2,2
4,24,TIN,3579113338,Cyber Security 2,2
4,25,TIN,4051024843,Internal Computer Telecom 4,2
4,26,TIN,9718080466,Canadian Consulting Design 10,2
4,27,TIN,1359769516,Certified Security 8,2
4,28,TIN,6879417683,Continential Software Technologies 10,2
4,29,TIN,3871673498,Certified Security 10,2
4,30,TIN,2178032975,Canadian Consulting Design 7,2
4,31,TIN,4884471984,Agility PC Advertising,2
4,32,TIN,4340947689,Administrative Concierge 2,2
4,33,TIN,8089463638,North American Automation Corp 2,2
4,34,TIN,5636439168,Proffessional Security Group 8,2
4,35,TIN,5693098776,Corporate Data Advertising,2
4,36,TIN,6294987222,Silicon Opportunities LLC 7,2
4,37,TIN,8196721591,Expert Trade Design 9,2
4,38,TIN,1158429050,Profit Server Concierge 7,2
4,39,TIN,400734201,Corporate Opportunities Ltd 5,0
4,40,TIN,5525346796,Technical Computer Ltd 7,0
4,41,TIN,3560924106,Key Software 10,0
4,42,TIN,4009785045,Silicon Innovation LLC 3,0
4,43,TIN,3084966811,Cyber Integrity Universal 7,0
4,44,TIN,5511368701,Enigma Securities Group 5,0
4,45,TIN,2958989458,North American Automation Concierge 3,0
4,46,TIN,2681438250,aaaaa,0
4,47,TIN,9162886236,"External Client Unlimited, Inc 9",0
23,1,TIN,3487910637,Continential Wireless Worldwide 10,18
23,2,TIN,7246424175,Internal Computer Telecom 2,18
23,3,TIN,808434058,Agility Outsourcing Studios 2,6
23,4,TIN,5357021041,Canadian Community Group,6
23,5,TIN,4206827182,Graphic Outsourcing Studios 5,6
23,6,TIN,8657164971,Administrative Trade Telecom 2,4
23,7,TIN,4192473678,Indicative Community Resources,2
23,8,TIN,3411003993,Proffessional Networking Studios 3,2
23,9,TIN,856403599,Administrative Automation Inc 7,2
23,10,TIN,1567616097,Internet Paradigm Concierge 2,2
23,11,TIN,4358135995,Administrative Concierge,2
23,12,TIN,4442797359,External Solutions LLC 9,2
23,13,TIN,632867898,Expert Trade Design 3,2
23,14,TIN,7736326068,Expert Security Telecom 8,0
23,15,TIN,2259147814,Profit Server Concierge 2,0
23,16,TIN,3772863200,North American Automation Corp 4,0
23,17,TIN,4923164813,Micro Production 6,0
23,18,TIN,7957783282,Integrity 5,0
23,19,TIN,9052778206,Red Hat Computer Resources 10,0
18,1,TIN,4844937858,"Micro Client Unlimited, Inc 8",29
18,2,TIN,1194658099,Continential Software Technologies 5,20
18,3,TIN,5040528987,Fred Import,12
18,4,TIN,553354866,Proffessional Networking Studios 4,12
18,5,TIN,5492270002,Profit Production Concierge 4,12
18,6,TIN,8075735333,Continential Software Technologies,12
18,7,TIN,7813622408,Micro Production,11
18,8,TIN,6253656757,Proffessional Security Group 10,11
18,9,TIN,3315223908,Technical Concepts Studios 10,6
18,10,TIN,7207278736,Expert Interactive Resources 5,6
18,11,TIN,3189208003,Global Solutions Studios 10,6
18,12,TIN,6989845409,North American Trade Group 9,6
18,13,TIN,1366712363,Certified Security 6,6
18,14,TIN,7480358133,"American Paradigm Unlimited, Inc 5",6
18,15,TIN,3186061663,"Open Networks Unlimited, Inc 7",6
18,16,TIN,5956988316,Quantum Interworks Advertising 10,6
18,17,TIN,6241557590,Internet Community Group 2,6
18,18,TIN,2077302348,Agility Outsourcing Studios 4,5
18,19,TIN,6623645580,Continential Wireless Worldwide 2,5
18,20,TIN,819640501,Cyber Security 6,5
18,21,TIN,4735894912,Indicative Opportunities Vision 4,2
18,22,TIN,8576646850,Enigma Securities Group 3,2
18,23,TIN,3388560781,Proffessional Technology 3,2
18,24,TIN,6369009445,Cyber Integrity Universal 6,2
18,25,TIN,4020738517,Advanced Byte Firm 3,2
18,26,TIN,7405883255,Hans Mann,2
18,27,TIN,5143029403,Advanced Byte Inc 2,2
18,28,TIN,5932607126,Cyber Security 4,2
18,29,TIN,5001223074,Canadian Media Design 7,2
18,30,TIN,1375506074,Agility Outsourcing Studios,2
18,31,TIN,8009648039,Graphic Outsourcing Studios 8,1
18,32,TIN,5127752668,Indicative Community Technologies,1
18,33,TIN,608832280,Graphic Server Universal 9,0
18,34,TIN,6220510239,American Software 8,0
18,35,TIN,8794050798,Administrative Automation Inc 5,0
18,36,TIN,1719191864,Moving Business 9,0
18,37,TIN,8259504693,Administrative Automation Inc 8,0
18,38,TIN,7704577988,Reliable Services Advertising 8,0
18,39,TIN,192309426,"Micro Client Unlimited, Inc 6",0
18,40,TIN,5321092501,Expert Telecom 2,0
18,41,TIN,5277194372,Key Byte Group 2,0
18,42,TIN,8604529111,Corporate Data Advertising 7,0
18,43,TIN,9682017292,Visual Interworks Design 8,0
18,44,TIN,6865779416,External Solutions LLC 10,0
18,45,TIN,5204377407,Ironclad Software Concierge,0
0,1,TIN,6172484718,Quantum Integrity LLC 9,29
0,2,TIN,9114132821,Red Hat Computer Resources 5,28
0,3,TIN,762241245,Graphic Outsourcing Studios 10,20
0,4,TIN,3872268138,Micro Production 9,19
0,5,TIN,1190102616,Network Cluster 8,12
0,6,TIN,7652587106,Micro Interactive Resources 9,12
0,7,TIN,5961397803,North American Trade Group 5,10
0,8,TIN,5394733940,"Profit Interactive Unlimited, Inc 6",6
0,9,TIN,6844082188,Enigma Wireless Design 8,6
0,10,TIN,941705765,Indicative Community Technologies 5,6
0,11,TIN,5552838589,Integrity 10,6
0,12,TIN,7919176680,Key Digital Concierge,6
0,13,TIN,8131440788,Graphic Server Universal 3,6
0,14,TIN,3467729298,Enigma Wireless Design 2,6
0,15,TIN,5463564268,Key Digital Concierge 2,6
0,16,TIN,7359415072,Technical Concepts Studios 6,6
0,17,TIN,166621836,Technical Computer Ltd 3,6
0,18,TIN,2981119290,Visual Automation 8,6
0,19,TIN,3631325814,Cyber Security 3,6
0,20,TIN,4150439244,Graphic Outsourcing Studios,5
0,21,TIN,5833792857,Network Server Studios 9,2
0,22,TIN,8673493561,Key Software 4,2
0,23,TIN,6348608562,Agility PC Advertising 2,2
0,24,TIN,2963410702,Key Software 2,2
0,25,TIN,3278687479,External Solutions LLC 8,2
0,26,TIN,605780516,asas,2
0,27,TIN,9612788410,Administrative Trade Telecom 5,2
0,28,TIN,7691286274,DJA Hardware Store,2
0,29,TIN,4930542612,Technical PC Studios 3,2
0,30,TIN,8100705273,"Open Networks Unlimited, Inc 10",2
0,31,TIN,3773598330,Internal Unified Technologies 3,2
0,32,TIN,9120965799,Proffessional Wireless Advertising 8,2
0,33,TIN,447429872,External Media Corp 7,2
0,34,TIN,5892780820,North American Automation Concierge 4,2
0,35,TIN,7950135400,Key Software 7,2
0,36,TIN,401573812,Canadian Consulting Design 6,2
0,37,TIN,8441411009,Key Byte Group 8,1
0,38,TIN,7576396836,Technical Paradigm Technologies 5,0
0,39,TIN,5647738174,Technical Paradigm Technologies 8,0
0,40,TIN,7161606910,Expert Integrity Technologies 4,0
0,41,TIN,9776519040,Graphic Outsourcing Studios 4,0
0,42,TIN,9477371228,Key Digital Concierge 7,0
0,43,TIN,3106509415,Technical PC Studios,0
0,44,TIN,4068431076,Technical Computer Ltd 4,0
0,45,TIN,9572942552,North American Trade Group 4,0
0,46,TIN,9179873185,Canadian Consulting Design 9,0
15,1,TIN,2810009619,"American Paradigm Unlimited, Inc 10",20
15,2,TIN,547965318,Ironclad Client Group 5,20
15,3,TIN,4563790282,TMT Industries,12
15,4,TIN,5855148067,Quantum Wireless 6,11
15,5,TIN,8907917084,Agility Outsourcing Studios 10,10
15,6,TIN,5888260469,Quantum Interworks Advertising 5,9
15,7,TIN,7259823826,Indicative Opportunities Vision,6
15,8,TIN,8949568149,Micro Interactive Resources 6,6
15,9,TIN,5586826580,Future Solutions LLC 2,6
15,10,TIN,9024280238,Profit Computer Concierge 4,6
15,11,TIN,5032189349,Continential Wireless Worldwide 9,6
15,12,TIN,7782441080,Expert Interactive Resources 7,6
15,13,TIN,7560022458,Expert Security Telecom 3,6
15,14,TIN,2742637606,Ironclad Client Group 8,6
15,15,TIN,9290157658,Quantum Server Universal 3,6
15,16,TIN,5529223785,Reliable Services Advertising 9,5
15,17,TIN,4647577130,Red Hat Computer Resources 2,4
15,18,TIN,8314548175,Advanced Byte Firm 9,2
15,19,TIN,1415056682,Technical Networks Technologies,2
15,20,TIN,8099531091,Agility PC Advertising 4,2
15,21,TIN,1396048158,Red Hat Computer Resources 6,2
15,22,TIN,8633297497,Moving Business 4,2
15,23,TIN,7620966496,Administrative Automation Inc 4,2
15,24,TIN,5016013185,Internet Community Group 4,2
15,25,TIN,3023635707,Integrity 2,2
15,26,TIN,7578248743,"Continential Automation Unlimited, Inc 10",2
15,27,TIN,1766041268,Profit Server Concierge 5,2
15,28,TIN,9175343199,Continential Wireless Worldwide,2
15,29,TIN,2915993852,Cyber Innovation Corp 3,2
15,30,TIN,5955486192,Micro Interactive Resources 8,1
15,31,TIN,3248182814,Indicative Community Resources 7,0
15,32,TIN,360537236,Global Inc 2,0
15,33,TIN,2234610356,Advanced Byte Firm 8,0
15,34,TIN,7652152528,Profit Computer Concierge 2,0
15,35,TIN,6438755849,Key Software 8,0
12,1,TIN,6632336584,Visual Automation 3,29
12,2,TIN,5122808646,Open Unified Studios 7,18
12,3,TIN,1718959097,Technical Paradigm Technologies 10,17
12,4,TIN,5105014796,Proffessional Wireless Advertising 10,12
12,5,TIN,1692526151,Administrative Automation Inc 2,12
12,6,TIN,4007721809,"Open Networks Unlimited, Inc 4",12
12,7,TIN,9294563470,Global Solutions Studios,12
12,8,TIN,5934006968,External Solutions LLC 7,12
12,9,TIN,5279710168,Enigma Securities Group 9,12
12,10,TIN,3924211515,External Technologies Design 10,12
12,11,TIN,8419373810,Open Unified Studios,12
12,12,TIN,5930126739,Certified Integrity Technologies,6
12,13,TIN,2390578390,Automation Design 10,6
12,14,TIN,4366327339,Internet Community Group 7,6
12,15,TIN,4233608040,North American Automation Corp,6
12,16,TIN,6529753805,Technical Networks Technologies 7,6
12,17,TIN,5686006608,Proffessional Networking Studios 10,6
12,18,TIN,160271440,"American Paradigm Unlimited, Inc",6
12,19,TIN,4268117011,Network Cluster 9,6
12,20,TIN,3564477983,Graphic Client Concierge 6,6
12,21,TIN,7906552567,Expert Security Telecom,6
12,22,TIN,6245441944,Profit Computer Concierge,6
12,23,TIN,3811413399,Key Digital Concierge 9,6
12,24,TIN,9574613872,Executive Unified Technologies 3,5
12,25,TIN,9984156125,Administrative Innovation 3,5
12,26,TIN,340780104,Integrity 6,5
12,27,TIN,5442690470,Certified Paradigm Concierge,5
12,28,TIN,313874555,DJA Clothes,4
12,29,TIN,9235530651,Technical Networks Technologies 10,2
12,30,TIN,5890157814,Administrative Innovation,2
12,31,TIN,6278826156,Open Unified Studios 6,2
12,32,TIN,7468350291,Expert Interactive Resources 6,2
12,33,TIN,6944152117,Certified Integrity Technologies 7,2
12,34,TIN,3416982560,Technical PC Studios 7,2
12,35,TIN,4484020493,Network Server Studios 3,2
12,36,TIN,5758425523,Graphic Server Universal 2,2
12,37,TIN,9625195623,Reliable Services Advertising 7,2
12,38,TIN,7419964465,"Open Networks Unlimited, Inc 8",2
12,39,TIN,3122199309,Executive Unified Technologies 2,2
12,40,TIN,5149171142,Proffessional Security Group 7,2
12,41,TIN,1183264398,Moving Business,2
12,42,TIN,3408199253,Canadian Community Group 6,2
12,43,TIN,2804138370,Continential Data Corporation 2,2
12,44,TIN,7029928924,Cyber Innovation Corp 10,2
12,45,TIN,5647836424,"Open Networks Unlimited, Inc 2",1
12,46,TIN,251984844,Technical Computer Ltd 5,1
12,47,TIN,2806860554,Internal Unified Technologies 9,0
12,48,TIN,6109364217,Technical Paradigm Technologies,0
12,49,TIN,92193255,Quantum Integrity LLC 10,0
12,50,TIN,2289046202,Administrative Trade Telecom 8,0
12,51,TIN,9488025996,Administrative Innovation 7,0
12,52,TIN,1285571175,Canadian Consulting Design 4,0
12,53,TIN,2488703080,Profit Server Concierge 9,0
12,54,TIN,3004081538,Reliable Services Advertising 2,0
12,55,TIN,5136445854,Cyber Integrity Universal,0
5,1,TIN,8660890845,Profit Production Concierge 3,20
5,2,TIN,6359949725,Technical PC Studios 6,20
5,3,TIN,5187299081,Global Inc,18
5,4,TIN,5411858506,Administrative Concierge 5,18
5,5,TIN,9011488103,Indicative Community Technologies 7,12
5,6,TIN,2495497239,Expert Interactive Resources,6
5,7,TIN,3815543051,Technical PC Studios 4,6
5,8,TIN,7112465967,Network Cluster 10,6
5,9,TIN,7287771704,Visual Interworks Design 7,6
5,10,TIN,2728659774,Advanced Byte Firm 4,6
5,11,TIN,4087597158,Expert Trade Design,6
5,12,TIN,3991336752,Cyber Security,6
5,13,TIN,7376578271,Key Digital Concierge 5,6
5,14,TIN,1102143294,Moving Business 2,6
5,15,TIN,8747494459,Quantum Server Universal 6,6
5,16,TIN,3219946246,North American Automation Corp 3,6
5,17,TIN,1530572743,Silicon Opportunities LLC 10,4
5,18,TIN,5833492782,Administrative Concierge 3,4
5,19,TIN,9484535768,Certified Security 9,2
5,20,TIN,7102900882,Quantum Server Universal 2,2
5,21,TIN,5645066588,Cyber Security 10,2
5,22,TIN,4288137579,Network Cluster 4,2
5,23,TIN,2470681604,Technical Computer Ltd,2
5,24,TIN,1464516160,Silicon Opportunities LLC,2
5,25,TIN,9040986159,Enigma Securities Group 2,2
5,26,TIN,6454355185,"Open Networks Unlimited, Inc 6",2
5,27,TIN,7803395330,Key Software,2
5,28,TIN,4460771778,North American Interworks Studios 4,2
5,29,TIN,9113914333,Proffessional Networking Studios 8,2
5,30,TIN,2591623539,North American Interworks Studios 8,2
5,31,TIN,5711113269,Quantum Interworks Advertising 3,2
5,32,TIN,3828290153,Internet Community Group,2
5,33,TIN,3361255587,Silicon Corp 3,2
5,34,TIN,865239582,Expert Telecom 9,0
5,35,TIN,1317767072,Silicon Opportunities LLC 2,0
5,36,TIN,8143708762,Quantum Server Universal 4,0
5,37,TIN,5265288439,Canadian Outsourcing 9,0
5,38,TIN,2001015521,North American Interworks Studios 7,0
5,39,TIN,6251831440,Advanced Byte Firm 6,0
5,40,TIN,3843825644,Romania Clothes Store,0
5,41,TIN,6854029210,Open Unified Studios 10,0
5,42,TIN,6890410547,Visual Interworks Design 4,0
8,1,TIN,5148001406,Internet Paradigm Concierge 9,20
8,2,TIN,8259180140,Open Unified Studios 8,12
8,3,TIN,1198914962,Virtual Services Corporation 2,12
8,4,TIN,228541401,Quantum Server Universal 7,12
8,5,TIN,4652588990,JKS OILCO,6
8,6,TIN,8881980832,demouser,6
8,7,TIN,5462237500,Demo user,6
8,8,TIN,312590256,Administrative Automation Inc 3,2
8,9,TIN,2309064653,DJA Motors,2
8,10,TIN,5858292845,"Profit Interactive Unlimited, Inc 9",2
8,11,TIN,6539720417,Certified Integrity Technologies 8,2
8,12,TIN,8801860898,Continential Software Technologies 3,2
8,13,TIN,5919939949,External Media Corp,2
8,14,TIN,4501359742,Advanced Byte Inc 7,2
8,15,TIN,3739746146,Expert Security Telecom 9,2
8,16,TIN,4492471564,"External Client Unlimited, Inc 3",2
8,17,TIN,1484364152,Key Wireless Corp 10,2
8,18,TIN,7263704197,Enigma Securities Group 7,2
8,19,TIN,6024932245,Agility PC Advertising 5,2
8,20,TIN,5193394889,Micro Production 10,2
8,21,TIN,472082997,North American Interworks Studios 10,2
8,22,TIN,2174249386,Canadian Community Group 2,2
8,23,TIN,6965703197,Internet Paradigm Concierge 10,0
8,24,TIN,9132352405,Test One,0
8,25,TIN,7919736938,Technical Computer Ltd 2,0
8,26,TIN,1479450289,Cyber Paradigm Design,0
8,27,TIN,7428322583,Expert Interactive Resources 10,0
8,28,TIN,2763475763,Administrative Paradigm Universal 9,0
13,1,TIN,3977731578,External Solutions LLC,30
13,2,TIN,7164308727,Administrative Trade Telecom,20
13,3,TIN,5796749533,Silicon Innovation LLC 9,20
13,4,TIN,4796090973,Global Inc 10,18
13,5,TIN,8163272949,Red Hat Computer Resources 8,18
13,6,TIN,4547925059,Network Server Studios 5,12
13,7,TIN,6967842758,Expert Integrity Technologies 2,12
13,8,TIN,4231933624,Internet Paradigm Concierge 7,12
13,9,TIN,3774808052,External Media Corp 2,12
13,10,TIN,4798633356,Quantum Wireless 10,12
13,11,TIN,5354714899,Micro Interactive Resources 4,12
13,12,TIN,3823541313,Key Wireless Corp 8,12
13,13,TIN,554841184,Technical Paradigm Technologies 3,11
13,14,TIN,3989411215,Certified Integrity Technologies 10,11
13,15,TIN,1149272064,Expert Trade Design 2,10
13,16,TIN,6384242396,"External Client Unlimited, Inc 5",10
13,17,TIN,250998901,Administrative Paradigm Universal 7,10
13,18,TIN,956783835,Silicon Corp 4,10
13,19,TIN,7808148125,Proffessional Networking Studios 6,6
13,20,TIN,7335701231,"External Client Unlimited, Inc",6
13,21,TIN,7587042101,Expert Integrity Technologies 7,6
13,22,TIN,1407905016,"Micro Client Unlimited, Inc 3",6
13,23,TIN,3189389016,Proffessional Wireless Advertising 2,6
13,24,TIN,4371474586,Cyber Integrity Universal 8,6
13,25,TIN,1169843144,Internal Computer Telecom 10,6
13,26,TIN,90824852,Canadian Outsourcing 3,6
13,27,TIN,1303052065,"Micro Client Unlimited, Inc 5",6
13,28,TIN,1936852000,North American Trade Group 7,6
13,29,TIN,6906392884,Silicon Opportunities LLC 6,6
13,30,TIN,951193344,Technical Concepts Studios 7,6
13,31,TIN,3756876779,Graphic Server Universal,6
13,32,TIN,8293664779,Corporate Data Advertising 9,6
13,33,TIN,9171615373,Global Inc 6,6
13,34,TIN,9873007235,Enigma Securities Group,6
13,35,TIN,6652517511,Advanced Byte Inc 3,6
13,36,TIN,987435406,Executive Unified Technologies 5,6
13,37,TIN,4607597465,Continential Data Corporation 3,6
13,38,TIN,7379755317,Proffessional Wireless Advertising,6
13,39,TIN,7741120328,Profit Production Concierge 8,6
13,40,TIN,4839332485,"American Paradigm Unlimited, Inc 3",6
13,41,TIN,1601512671,Agility PC Advertising 7,5
13,42,TIN,4016138373,Canadian Media Design 5,4
13,43,TIN,6175812744,Cyber Paradigm Design 8,4
13,44,TIN,3522432570,Proffessional Networking Studios 5,2
13,45,TIN,8468628344,Profit Production Concierge 2,2
13,46,TIN,3363493360,Integrity 3,2
13,47,TIN,4124561372,Certified Security 4,2
13,48,TIN,1359180057,Key Byte Group 9,2
13,49,TIN,2382678882,demouser2,2
13,50,TIN,9351792954,Silicon Corp,2
13,51,TIN,7439976753,Internal Unified Technologies 2,2
13,52,TIN,8579899192,Administrative Concierge 4,2
13,53,TIN,1608619700,Corporate Opportunities Ltd,2
13,54,TIN,8441116651,Cyber Security 8,2
13,55,TIN,8133436201,"Administrative Automation, Inc",2
13,56,TIN,1335706514,Quantum Integrity LLC 3,2
13,57,TIN,6855508274,Global Solutions Studios 4,2
13,58,TIN,1590652182,Certified Integrity Technologies 4,2
13,59,TIN,1170070623,Administrative Paradigm Universal 5,2
13,60,TIN,9131188351,Continential Software Technologies 8,2
13,61,TIN,7877640203,"Continential Automation Unlimited, Inc 6",2
13,62,TIN,6075974367,Canadian Community Group 5,2
13,63,TIN,3971732894,Corporate Data Advertising 6,2
13,64,TIN,7710929923,Reliable Services Advertising 3,2
13,65,TIN,9180946412,Corporate Data Advertising 4,1
13,66,TIN,4427393032,Technical Computer Ltd 6,0
13,67,TIN,5032459268,Graphic Client Concierge 8,0
13,68,TIN,9890233429,Advanced Byte Firm 2,0
13,69,TIN,1717564672,demouser1,0
13,70,TIN,899921439,Indicative Community Resources 9,0
13,71,TIN,8063647187,Visual Automation 7,0
13,72,TIN,3883917986,Vienzuina Software SRL,0
13,73,TIN,1069248951,North American Trade Group 3,0
3,1,TIN,7327816983,North American Automation Corp 8,20
3,2,TIN,9720363551,Canadian Consulting Design 2,12
3,3,TIN,5588191303,Executive Unified Technologies 7,12
3,4,TIN,2284133794,Expert Telecom,11
3,5,TIN,4573286167,External Technologies Design 7,6
3,6,TIN,1908621987,Administrative Trade Telecom 10,6
3,7,TIN,9578890885,Cyber Integrity Universal 5,6
3,8,TIN,676752347,Visual Automation 2,6
3,9,TIN,8062387712,Profit Server Concierge 6,6
3,10,TIN,9558049688,Reliable Services Advertising,5
3,11,TIN,9591475563,Corporate Opportunities Ltd 4,5
3,12,TIN,7366342155,Reliable Services Advertising 4,2
3,13,TIN,8003968759,Cyber Paradigm Design 7,2
3,14,TIN,5795371568,External Media Corp 8,2
3,15,TIN,1634291695,North American Automation Corp 9,2
3,16,TIN,3885418266,Indicative Opportunities Vision 5,2
3,17,TIN,1699034415,Moving Business 8,2
3,18,TIN,3074057747,Certified Integrity Technologies 5,2
3,19,TIN,2024967936,Automation Design 7,2
3,20,TIN,6359402654,Key Byte Group 3,2
3,21,TIN,7905289626,Antar Enterprises,2
3,22,TIN,6187962047,Internet Computer Vision 6,2
3,23,TIN,7492143622,Profit Production Concierge 5,2
3,24,TIN,1609024961,Technical PC Studios 5,2
3,25,TIN,4905191198,Expert Telecom 6,1
3,26,TIN,4604345251,Silicon Experts Technologies 6,0
3,27,TIN,9089540830,Administrative Innovation 10,0
3,28,TIN,296518073,Technical Concepts Studios 4,0
3,29,TIN,8002135854,Profit Production Concierge 10,0
3,30,TIN,3554167924,Automation Design 8,0
3,31,TIN,9242934133,External Solutions LLC 5,0
16,1,TIN,7651200479,Graphic Client Concierge 5,20
16,2,TIN,5126467759,Expert Integrity Technologies 9,18
16,3,TIN,2573813936,Technical Computer Ltd 10,12
16,4,TIN,109284943,Continential Data Corporation 10,12
16,5,TIN,3377987326,Internal Computer Telecom,12
16,6,TIN,199278228,Advanced Byte Firm 5,12
16,7,TIN,7049065477,Continential Data Corporation 7,12
16,8,TIN,8843046176,Key Wireless Corp 2,10
16,9,TIN,5612812878,North American Trade Group 2,10
16,10,TIN,9408039529,Network Server Studios 8,10
16,11,TIN,3922206760,Quantum Server Universal 9,8
16,12,TIN,5652570264,Test,6
16,13,TIN,116485479,Graphic Server Universal 8,6
16,14,TIN,2642099175,External Media Corp 9,6
16,15,TIN,7431906451,External Technologies Design 9,6
16,16,TIN,1465674966,Profit Computer Concierge 3,6
16,17,TIN,2514742412,Graphic Outsourcing Studios 7,6
16,18,TIN,4610695925,Micro Interactive Resources 5,4
16,19,TIN,3090396347,Canadian Community Group 7,4
16,20,TIN,3648613040,Expert Integrity Technologies 5,4
16,21,TIN,4424426674,Indicative Community Resources 10,2
16,22,TIN,5072811824,Silicon Experts Technologies 5,2
16,23,TIN,7534153349,Canadian Community Group 9,2
16,24,TIN,4277916954,Enigma Securities Group 4,2
16,25,TIN,2133260191,Cyber Paradigm Design 2,2
16,26,TIN,5752373691,Moving Business 6,2
16,27,TIN,4692153363,Agility PC Advertising 10,2
16,28,TIN,6691081005,Global Solutions Studios 9,2
16,29,TIN,9096874034,"Continential Automation Unlimited, Inc 4",2
16,30,TIN,7385308347,Executive Unified Technologies 10,2
16,31,TIN,2561725011,Proffessional Technology 4,2
16,32,TIN,2543782976,Technical Networks Technologies 6,2
16,33,TIN,5221555206,External Media Corp 4,2
16,34,TIN,7324289674,Internet Computer Vision 8,2
16,35,TIN,2224568810,Advanced Byte Inc 10,2
16,36,TIN,1540517521,Open Unified Studios 5,2
16,37,TIN,8160756149,"Profit Interactive Unlimited, Inc 10",0
16,38,TIN,710236358,"External Client Unlimited, Inc 10",0
16,39,TIN,3831399424,Quantum Integrity LLC 5,0
16,40,TIN,2186181192,Canadian Outsourcing 5,0
16,41,TIN,5315779962,Technical Computer Ltd 8,0
16,42,TIN,500072338,"Continential Automation Unlimited, Inc 8",0
16,43,TIN,8706984517,Internet Computer Vision,0
16,44,TIN,6933928851,Technical Paradigm Technologies 2,0
16,45,TIN,4055110703,Quantum Wireless 5,0
16,46,TIN,5908274880,North American Interworks Studios 5,0
16,47,TIN,1351821511,Virtual Services Corporation 6,0
14,1,TIN,7883560264,Certified Paradigm Concierge 3,28
14,2,TIN,8671994379,Administrative Concierge 9,20
14,3,TIN,298141182,Canadian Consulting Design 5,18
14,4,TIN,3681084544,North American Automation Concierge 6,12
14,5,TIN,9007734026,Key Software 5,12
14,6,TIN,3298087884,Proffessional Wireless Advertising 7,12
14,7,TIN,5666613086,Corporate Opportunities Ltd 10,12
14,8,TIN,2048995069,Visual Automation 5,12
14,9,TIN,720266094,THC Construction,11
14,10,TIN,7907185678,Profit Server Concierge 10,10
14,11,TIN,6896877450,Canadian Outsourcing 10,9
14,12,TIN,2077200325,Agility Outsourcing Studios 6,9
14,13,TIN,8015363250,Quantum Wireless 2,6
14,14,TIN,6742090712,Internal Unified Technologies 4,6
14,15,TIN,6762492590,Global Inc 4,6
14,16,TIN,6419241764,Key Wireless Corp 4,6
14,17,TIN,302374740,Expert Interactive Resources 2,6
14,18,TIN,1573439040,American Software 10,6
14,19,TIN,5125392340,Ironclad Software Concierge 6,6
14,20,TIN,9702307647,Automation Design 9,6
14,21,TIN,1599963653,External Solutions LLC 2,5
14,22,TIN,750880344,Indicative Opportunities Vision 3,5
14,23,TIN,8795208037,Network Cluster 6,4
14,24,TIN,5107695893,Proffessional Wireless Advertising 4,2
14,25,TIN,6746845935,Future Solutions LLC,2
14,26,TIN,6824481817,Administrative Trade Telecom 6,2
14,27,TIN,3394995287,Enigma Wireless Design 4,2
14,28,TIN,985563113,Technical Concepts Studios 3,2
14,29,TIN,5732925709,Cyber Integrity Universal 4,2
14,30,TIN,2324417062,Global Inc 7,2
14,31,TIN,9722454161,Ironclad Software Concierge 3,2
14,32,TIN,3687056317,Canadian Community Group 10,2
14,33,TIN,996611542,Ironclad Software Concierge 9,2
14,34,TIN,9465093508,Micro Interactive Resources 2,2
14,35,TIN,3013494930,Samara Enterprises,2
14,36,TIN,4570075413,Administrative Concierge 7,2
14,37,TIN,3752969322,Red Hat Computer Resources 9,2
14,38,TIN,9249940245,Graphic Server Universal 4,2
14,39,TIN,1025181067,Cyber Innovation Corp 2,2
14,40,TIN,2981287970,Profit Production Concierge,2
14,41,TIN,2821220870,Integrity 4,2
14,42,TIN,695304367,Continential Wireless Worldwide 5,2
14,43,TIN,3791750938,Integrity 9,2
14,44,TIN,8392708451,Global Inc 3,1
14,45,TIN,1419249273,Corporate Data Advertising 10,1
14,46,TIN,3035976573,"External Client Unlimited, Inc 2",1
14,47,TIN,644847977,"Profit Interactive Unlimited, Inc 8",0
14,48,TIN,7389701639,Red Hat Computer Resources,0
14,49,TIN,1984050732,"Open Networks Unlimited, Inc",0
14,50,TIN,1857577737,Key Wireless Corp 9,0
14,51,TIN,4906061991,Graphic Server Universal 7,0
14,52,TIN,3537250393,Quantum Integrity LLC 2,0
14,53,TIN,5282900838,demo test user,0
14,54,TIN,1862449294,Global Solutions Studios 5,0
14,55,TIN,862772879,TestAuthorized,0
11,1,TIN,2423907079,Graphic Client Concierge 7,39
11,2,TIN,132063944,Key Wireless Corp 5,29
11,3,TIN,7635621065,Internet Computer Vision 9,29
11,4,TIN,2088653079,Indicative Community Technologies 8,20
11,5,TIN,3495386415,Visual Automation 9,20
11,6,TIN,5830762320,Proffessional Networking Studios 2,19
11,7,TIN,9448368288,Continential Software Technologies 2,12
11,8,TIN,6412717670,"Continential Automation Unlimited, Inc 7",12
11,9,TIN,6201251350,Ironclad Client Group,12
11,10,TIN,7330514381,Graphic Client Concierge 2,11
11,11,TIN,3207925232,Internet Community Group 3,11
11,12,TIN,2857611612,Canadian Media Design 8,11
11,13,TIN,1050420442,Internet Computer Vision 3,10
11,14,TIN,8425518079,Virtual Services Corporation,6
11,15,TIN,4599129597,Silicon Innovation LLC 7,6
11,16,TIN,3731218775,Graphic Server Universal 6,6
11,17,TIN,4638545043,Corporate Opportunities Ltd 9,6
11,18,TIN,9427053283,Virtual Services Corporation 8,6
11,19,TIN,738559750,Administrative Paradigm Universal 10,6
11,20,TIN,4922963672,Proffessional Wireless Advertising 9,6
11,21,TIN,9655374422,Internal Computer Telecom 8,6
11,22,TIN,4456917425,Silicon Corp 6,6
11,23,TIN,4500305355,External Technologies Design 6,6
11,24,TIN,5611529312,Silicon Opportunities LLC 4,6
11,25,TIN,5498653591,North American Automation Concierge 8,5
11,26,TIN,3922235136,Reliable Services Advertising 10,5
11,27,TIN,5221176168,Micro Interactive Resources 3,2
11,28,TIN,6031171010,Cyber Innovation Corp 5,2
11,29,TIN,5143580995,Key Software 9,2
11,30,TIN,6453542164,Indicative Opportunities Vision 2,2
11,31,TIN,8983017942,Ironclad Software Concierge 2,2
11,32,TIN,4048349013,Internet Community Group 6,2
11,33,TIN,7248849094,Executive Unified Technologies 6,2
11,34,TIN,3193598705,Graphic Client Concierge,2
11,35,TIN,5852696930,Internal Computer Telecom 3,2
11,36,TIN,402382718,Canadian Media Design 4,2
11,37,TIN,2085947606,Internet Computer Vision 5,2
11,38,TIN,6780685252,Administrative Innovation 9,2
11,39,TIN,753242257,Cyber Innovation Corp 8,2
11,40,TIN,7892388845,Corporate Opportunities Ltd 7,2
11,41,TIN,7790814335,Agility Outsourcing Studios 7,2
11,42,TIN,2877601485,Corporate Data Advertising 3,2
11,43,TIN,3054613122,Administrative Innovation 4,2
11,44,TIN,6506900566,Internet Computer Vision 7,2
11,45,TIN,4132962296,Automation Design 6,2
11,46,TIN,7466304794,Quantum Interworks Advertising,2
11,47,TIN,1437250343,Proffessional Security Group 5,2
11,48,TIN,1488188447,Automation Design 5,2
11,49,TIN,1385306425,Silicon Innovation LLC 10,2
11,50,TIN,8829411179,"Profit Interactive Unlimited, Inc 2",1
11,51,TIN,66660635,Proffessional Security Group 6,1
11,52,TIN,5950950643,Ironclad Client Group 4,1
11,53,TIN,7051020713,"American Paradigm Unlimited, Inc 7",0
11,54,TIN,7960317726,Indicative Community Technologies 3,0
11,55,TIN,3232187723,Canadian Consulting Design,0
11,56,TIN,8416216486,Technical Networks Technologies 8,0
11,57,TIN,4480413531,Canadian Outsourcing,0
11,58,TIN,1906096174,Silicon Experts Technologies 9,0
9,1,TIN,2827528363,Continential Software Technologies 9,20
9,2,TIN,3977476222,Certified Paradigm Concierge 8,20
9,3,TIN,1220478640,Quantum Interworks Advertising 7,12
9,4,TIN,3870638321,Administrative Automation Inc 9,12
9,5,TIN,709183361,"External Client Unlimited, Inc 6",12
9,6,TIN,3983612464,Indicative Opportunities Vision 6,11
9,7,TIN,3376574144,Silicon Corp 10,11
9,8,TIN,4978275621,Visual Interworks Design 10,6
9,9,TIN,7707486458,Virtual Services Corporation 7,6
9,10,TIN,1797950864,Continential Data Corporation 5,6
9,11,TIN,3041741396,Network Server Studios 2,6
9,12,TIN,7446197426,Global Inc 9,6
9,13,TIN,6434968115,Cyber Integrity Universal 10,6
9,14,TIN,8058648808,New Taxpayer AR,6
9,15,TIN,9527466656,Quantum Server Universal 5,6
9,16,TIN,4818599488,North American Automation Corp 5,6
9,17,TIN,3343460240,Quantum Wireless 3,6
9,18,TIN,4785277087,Cyber Paradigm Design 10,6
9,19,TIN,5280638912,Global Solutions Studios 8,6
9,20,TIN,6643235367,Technical PC Studios 10,6
9,21,TIN,3904365159,Corporate Opportunities Ltd 2,6
9,22,TIN,572830723,Ironclad Client Group 2,6
9,23,TIN,1934321731,Continential Wireless Worldwide 7,6
9,24,TIN,7522284635,"Continential Automation Unlimited, Inc 3",5
9,25,TIN,3100378290,Ironclad Client Group 7,5
9,26,TIN,7573450277,Silicon Experts Technologies 8,2
9,27,TIN,6900453519,Corporate Opportunities Ltd 8,2
9,28,TIN,1454431329,Proffessional Security Group 3,2
9,29,TIN,7354253599,Technical Concepts Studios 2,2
9,30,TIN,4801590764,External Technologies Design 4,2
9,31,TIN,3875088941,Profit Server Concierge 8,2
9,32,TIN,1421885630,Integrity 8,2
9,33,TIN,987334208,External Media Corp 3,2
9,34,TIN,3489211998,Network Cluster 2,2
9,35,TIN,1207554047,Silicon Innovation LLC 5,2
9,36,TIN,1737739372,Graphic Client Concierge 3,2
9,37,TIN,1366306535,Future Solutions LLC 8,0
9,38,TIN,5651814829,American Software 6,0
9,39,TIN,9191143702,Integrity,0
9,40,TIN,6755533954,Proffessional Technology 6,0
9,41,TIN,2582320408,"Micro Client Unlimited, Inc",0
9,42,TIN,6909279015,Proffessional Networking Studios,0
9,43,TIN,2070806265,Indicative Community Resources 4,0
9,44,TIN,6454754780,Quantum Wireless 4,0
9,45,TIN,22625097,"American Paradigm Unlimited, Inc 6",0
9,46,TIN,4561308304,Certified Security 5,0
7,1,TIN,1868538215,Expert Integrity Technologies 8,29
7,2,TIN,4814398388,Graphic Server Universal 5,20
7,3,TIN,4791648658,Profit Computer Concierge 6,19
7,4,TIN,35241812,North American Automation Concierge 2,12
7,5,TIN,6378858274,Indicative Opportunities Vision 9,12
7,6,TIN,2461227472,Administrative Paradigm Universal 4,12
7,7,TIN,5261962196,Ironclad Software Concierge 4,12
7,8,TIN,5728083185,Silicon Innovation LLC 4,6
7,9,TIN,6862584825,Internal Unified Technologies 6,6
7,10,TIN,357691992,Proffessional Technology,6
7,11,TIN,1283035742,Key Digital Concierge 8,6
7,12,TIN,3081438315,Ironclad Software Concierge 8,6
7,13,TIN,5006659420,Internal Unified Technologies 10,6
7,14,TIN,4873016257,Silicon Corp 9,6
7,15,TIN,1396368692,Canadian Outsourcing 4,6
7,16,TIN,6976063125,Internet Paradigm Concierge 8,5
7,17,TIN,7946248025,TESTARA,5
7,18,TIN,3246160651,Internal Computer Telecom 9,5
7,19,TIN,7458567962,"Micro Client Unlimited, Inc 2",5
7,20,TIN,3303435297,Administrative Paradigm Universal 2,5
7,21,TIN,1405005441,Indicative Community Technologies 2,5
7,22,TIN,3837625652,Quantum Integrity LLC,2
7,23,TIN,8607922485,Internal Computer Telecom 7,2
7,24,TIN,4004810774,Proffessional Technology 10,2
7,25,TIN,5231101502,External Solutions LLC 6,2
7,26,TIN,3299116500,Silicon Experts Technologies 3,2
7,27,TIN,2566381417,Administrative Paradigm Universal 6,2
7,28,TIN,7431268167,Ironclad Software Concierge 5,2
7,29,TIN,4005281668,Proffessional Wireless Advertising 6,2
7,30,TIN,3726663806,Internal Unified Technologies,2
7,31,TIN,3985953318,"Continential Automation Unlimited, Inc 5",2
7,32,TIN,548258867,Expert Security Telecom 10,2
7,33,TIN,1157870461,Enigma Wireless Design 5,2
7,34,TIN,2539767288,Silicon Corp 7,2
7,35,TIN,1077206404,Technical Concepts Studios 9,2
7,36,TIN,8188147916,American Software,2
7,37,TIN,5194329945,Micro Production 3,2
7,38,TIN,6701529036,Corporate Opportunities Ltd 3,1
7,39,TIN,195281572,Technical Paradigm Technologies 7,1
7,40,TIN,8856430261,Key Wireless Corp 6,1
7,41,TIN,3896343232,Jansen Enterprises,1
7,42,TIN,6789859634,Indicative Community Technologies 10,0
7,43,TIN,5853230942,Ironclad Software Concierge 7,0
7,44,TIN,9148463321,"Profit Interactive Unlimited, Inc 5",0
7,45,TIN,4546393091,Reliable Services Advertising 6,0
7,46,TIN,9683332399,Cyber Paradigm Design 4,0
7,47,TIN,6798940101,Executive Unified Technologies 4,0
7,48,TIN,7630507122,Quantum Server Universal 8,0
7,49,TIN,6122464607,Profit Server Concierge 4,0
,,,,,
,,,,,
,,,,,
,,,,,
,,,,,
,,,,,
,,,,,
,,,,,
,,,,,
,,,,,
,,,,,
,,,,,
,,,,,
,,,,,
,,,,,
,,,,,
,,,,,
,,,,,
,,,,,
,,,,,
,,,,,
,,,,,
,,,,,
,,,,,
,,,,,
,,,,,
,,,,,
,,,,,
